Product_Name,Product_Price,Review,Date,Month,Year,Sentiment Score
"Candes 12 L Room/Personal Air Cooler(White, Black, Elegant High Speed-Honey Comb Cooling Pad & Ice Chamber, Blower)",3999,great cooler excellent air flow and for this price its so amazing and unbelievablejust love it,23-07-14,July,2014,5
"Candes 12 L Room/Personal Air Cooler(White, Black, Elegant High Speed-Honey Comb Cooling Pad & Ice Chamber, Blower)",3999,best budget  fit cooler nice cooling,25-10-13,October,2013,5
"Candes 12 L Room/Personal Air Cooler(White, Black, Elegant High Speed-Honey Comb Cooling Pad & Ice Chamber, Blower)",3999,the quality is good but the power of air is decent,23-12-12,December,2012,3
"Candes 12 L Room/Personal Air Cooler(White, Black, Elegant High Speed-Honey Comb Cooling Pad & Ice Chamber, Blower)",3999,very bad product its a only a fan,21-11-13,November,2013,1
"Candes 12 L Room/Personal Air Cooler(White, Black, Elegant High Speed-Honey Comb Cooling Pad & Ice Chamber, Blower)",3999,ok ok product,13-07-13,July,2013,3
"Candes 12 L Room/Personal Air Cooler(White, Black, Elegant High Speed-Honey Comb Cooling Pad & Ice Chamber, Blower)",3999,the cooler is really fantastic and provides good air flow highly recommended,29-04-13,April,2013,5
"Candes 12 L Room/Personal Air Cooler(White, Black, Elegant High Speed-Honey Comb Cooling Pad & Ice Chamber, Blower)",3999,very good product,19-10-13,October,2013,5
"Candes 12 L Room/Personal Air Cooler(White, Black, Elegant High Speed-Honey Comb Cooling Pad & Ice Chamber, Blower)",3999,very nice,07-10-14,October,2014,3
"Candes 12 L Room/Personal Air Cooler(White, Black, Elegant High Speed-Honey Comb Cooling Pad & Ice Chamber, Blower)",3999,very bad cooler,24-03-14,March,2014,1
"Candes 12 L Room/Personal Air Cooler(White, Black, Elegant High Speed-Honey Comb Cooling Pad & Ice Chamber, Blower)",3999,very good,10-11-13,November,2013,4
"Candes 60 L Room/Personal Air Cooler(White, Black, CRETA)",8999,beautiful product good material and perfectly working,05-11-13,November,2013,5
"Candes 60 L Room/Personal Air Cooler(White, Black, CRETA)",8999,awesome,20-11-13,November,2013,5
"Candes 60 L Room/Personal Air Cooler(White, Black, CRETA)",8999,good,07-04-14,April,2014,5
"Candes 60 L Room/Personal Air Cooler(White, Black, CRETA)",8999,wonderful product must buy,21-11-13,November,2013,5
"Candes 60 L Room/Personal Air Cooler(White, Black, CRETA)",8999,nice air cooler smart cool breeze producer,17-02-14,February,2014,5
"Candes 60 L Room/Personal Air Cooler(White, Black, CRETA)",8999,awsm,01-04-13,April,2013,5
"Candes 60 L Room/Personal Air Cooler(White, Black, CRETA)",8999,nice product,03-02-14,February,2014,5
"Candes 60 L Room/Personal Air Cooler(White, Black, CRETA)",8999,great cooler,07-04-13,April,2013,5
"Candes 60 L Room/Personal Air Cooler(White, Black, CRETA)",8999,nice product,05-02-14,February,2014,5
"Candes 60 L Room/Personal Air Cooler(White, Black, CRETA)",8999,good,01-07-14,July,2014,5
"Candes 60 L Room/Personal Air Cooler(White, Black, CRETA)",8999,very nice product,27-10-13,October,2013,5
"Candes 60 L Room/Personal Air Cooler(White, Black, CRETA)",8999,good product,29-12-13,December,2013,5
"Candes 60 L Room/Personal Air Cooler(White, Black, CRETA)",8999,nice product with the reasonable price,11-05-13,May,2013,5
"Candes 60 L Room/Personal Air Cooler(White, Black, CRETA)",8999,i like it,04-04-14,April,2014,5
"Candes 60 L Room/Personal Air Cooler(White, Black, CRETA)",8999,very goodd,23-03-14,March,2014,5
"Candes 60 L Room/Personal Air Cooler(White, Black, CRETA)",8999,good product,28-01-14,January,2014,5
"Candes 60 L Room/Personal Air Cooler(White, Black, CRETA)",8999,good product kawaleti,26-07-12,July,2012,5
"Candes 60 L Room/Personal Air Cooler(White, Black, CRETA)",8999,very good cooler amazing beautiful designs affordable price,21-11-12,November,2012,5
"Candes 60 L Room/Personal Air Cooler(White, Black, CRETA)",8999,using since months great experience,28-12-12,December,2012,5
"Candes 60 L Room/Personal Air Cooler(White, Black, CRETA)",8999,very good performance and nice look,25-10-13,October,2013,5
"Candes 60 L Room/Personal Air Cooler(White, Black, CRETA)",8999,product is good having strong thrust of air flow must buy,16-10-13,October,2013,4
"Candes 60 L Room/Personal Air Cooler(White, Black, CRETA)",8999,very good,15-04-13,April,2013,5
"Candes 60 L Room/Personal Air Cooler(White, Black, CRETA)",8999,bad quality,08-03-13,March,2013,2
"Candes 60 L Room/Personal Air Cooler(White, Black, CRETA)",8999,very nice product,09-11-12,November,2012,5
"Candes 60 L Room/Personal Air Cooler(White, Black, CRETA)",8999,very soundless product and low price other company,18-08-13,August,2013,5
"Candes 60 L Room/Personal Air Cooler(White, Black, CRETA)",8999,nice,05-10-14,October,2014,5
"MAHARAJA WHITELINE 65 L Desert Air Cooler(White, Grey, Rambo Grey / AC-303)",7999,the best poduct that i bought from flifkart it works superb like ac and price is also reasonable only rs ,30-07-13,July,2013,5
"MAHARAJA WHITELINE 65 L Desert Air Cooler(White, Grey, Rambo Grey / AC-303)",7999,cooler is big and wide maharaja brand trust y every thing is good about cooler create less noise only thing is that its motor is not powerful even in high speed rest all things are good but yes for one middle size room it is ok,10-07-12,July,2012,4
"MAHARAJA WHITELINE 65 L Desert Air Cooler(White, Grey, Rambo Grey / AC-303)",7999,it is one of the best air coolers at reasonable price have ever seen but the ventilation of the room is must for proper cooling but the size is quite big it will i hope create a space problem during off seasons the air supply is very good and its one of the essential part of the air cooler with the wool wood pads which helps to make super cooling afterall thank you maharaja company to make such a product in affordable and reasonable price,19-02-13,February,2013,5
"MAHARAJA WHITELINE 65 L Desert Air Cooler(White, Grey, Rambo Grey / AC-303)",7999,awesome air cooleri was looking for a cooler under this range and this has fulfilled my requirement this has the following features great air through the capacity of  mhr  comes with a large litre tank which can run overnight with ease great built that is a shockproof and reliable material you have to stop this beast at night because it has that massive cooling capabilityone small concern is mine and it is for sure that it is not a dealbreaker that it produces s,08-12-13,December,2013,5
"MAHARAJA WHITELINE 65 L Desert Air Cooler(White, Grey, Rambo Grey / AC-303)",7999,purchased after a lot of discussions and reviews i would say this the best which gives you the comfort needed best to for with no nd thoughts nice cooling low noise hope this should be energy efficient and used for a long run,07-09-14,September,2014,5
"MAHARAJA WHITELINE 65 L Desert Air Cooler(White, Grey, Rambo Grey / AC-303)",7999,very nice cooler cooling is very good there is no noise i reviewed a lot then only i purchased it if you want effective cooling you have to set it up at a window where there is cross ventilation without cross ventilation it will make environment humid lookwise it is very nice and material is strong,13-08-12,August,2012,5
"MAHARAJA WHITELINE 65 L Desert Air Cooler(White, Grey, Rambo Grey / AC-303)",7999,feedback given after using one week the cooler is amazing its making the whole room cooling you should install the cooler near to your windows the delivery was on time as well the delivery boy also very supportive,03-10-14,October,2014,5
"MAHARAJA WHITELINE 65 L Desert Air Cooler(White, Grey, Rambo Grey / AC-303)",7999,great deal  l quite big tank sufficient cooling for one medium size room  modes works well best in this range,20-07-13,July,2013,3
"MAHARAJA WHITELINE 65 L Desert Air Cooler(White, Grey, Rambo Grey / AC-303)",7999,i bought this cooler on heavy discount by flipkart cooler is build of good quality material it has a fast fan with powerfull motor pump air quality is excellent even for a big room a must buy value for money product,01-06-13,June,2013,5
"MAHARAJA WHITELINE 65 L Desert Air Cooler(White, Grey, Rambo Grey / AC-303)",7999,the good things very well packed good amount of thermocols to protect from transport damages sturdy body relatively less noise as compared to bajaj cooler i had earlierwish this was betterfor many purposes it is necessary to open cooler body opening the body of cooler is not very intuitive common consumers may not even attempt for fear of damaging something  easy opening of side frames to change pads or clean the water inlets water balloon used to cut water supply au,17-02-14,February,2014,3
"MAHARAJA WHITELINE 65 L Desert Air Cooler(White, Grey, Rambo Grey / AC-303)",7999,excellent producthappy with resultnice air flowosm cooling,04-03-14,March,2014,4
"MAHARAJA WHITELINE 65 L Desert Air Cooler(White, Grey, Rambo Grey / AC-303)",7999,cooler works fine and it is inverter friendly,29-04-14,April,2014,5
"MAHARAJA WHITELINE 65 L Desert Air Cooler(White, Grey, Rambo Grey / AC-303)",7999,small wire and moter capacity is very low fan speed was not good out flow vent hole is above the lower part of cooler its very difficult to change water,19-01-14,January,2014,1
"MAHARAJA WHITELINE 65 L Desert Air Cooler(White, Grey, Rambo Grey / AC-303)",7999,perfect product for large size room,31-01-14,January,2014,5
"MAHARAJA WHITELINE 65 L Desert Air Cooler(White, Grey, Rambo Grey / AC-303)",7999,average cooling not much as expected by size and reviews of cooler cooling is sufficient maharaja whiteline should work on its cooling efficiency and reduce size by width can increase in height to maintain tank capacity,21-07-13,July,2013,4
"MAHARAJA WHITELINE 65 L Desert Air Cooler(White, Grey, Rambo Grey / AC-303)",7999,product was amazing cooling capacity awsum pls go for ahead a big thumbs up,14-01-13,January,2013,5
"MAHARAJA WHITELINE 65 L Desert Air Cooler(White, Grey, Rambo Grey / AC-303)",7999,good,28-12-12,December,2012,4
"MAHARAJA WHITELINE 65 L Desert Air Cooler(White, Grey, Rambo Grey / AC-303)",7999,received dalay  days cooler is ok when i was reveived switch damaged,07-10-13,October,2013,3
"MAHARAJA WHITELINE 65 L Desert Air Cooler(White, Grey, Rambo Grey / AC-303)",7999,big oneworking good days of use hope will work for long run,23-11-13,November,2013,4
"MAHARAJA WHITELINE 65 L Desert Air Cooler(White, Grey, Rambo Grey / AC-303)",7999,good product nice air flow and no noice,16-03-14,March,2014,4
"MAHARAJA WHITELINE 65 L Desert Air Cooler(White, Grey, Rambo Grey / AC-303)",7999,in this price good cooler,11-05-13,May,2013,5
"MAHARAJA WHITELINE 65 L Desert Air Cooler(White, Grey, Rambo Grey / AC-303)",7999,is good for many,01-08-14,August,2014,4
"MAHARAJA WHITELINE 65 L Desert Air Cooler(White, Grey, Rambo Grey / AC-303)",7999,it is an awesome product light weight easy to use and having lot of features,27-01-13,January,2013,4
"MAHARAJA WHITELINE 65 L Desert Air Cooler(White, Grey, Rambo Grey / AC-303)",7999,the product doesnt cool as rated by other customers the cooling is very slow very wrost product i recommend to not buy this item wastage of money,27-08-13,August,2013,1
"MAHARAJA WHITELINE 65 L Desert Air Cooler(White, Grey, Rambo Grey / AC-303)",7999,looks like monster cooler it is working as awesome,02-12-14,December,2014,5
"MAHARAJA WHITELINE 65 L Desert Air Cooler(White, Grey, Rambo Grey / AC-303)",7999,very nice product thank you flipkart,13-07-14,July,2014,5
"MAHARAJA WHITELINE 65 L Desert Air Cooler(White, Grey, Rambo Grey / AC-303)",7999,very good,26-11-13,November,2013,5
"MAHARAJA WHITELINE 65 L Desert Air Cooler(White, Grey, Rambo Grey / AC-303)",7999,good cooler it occupies more space looks very large but good for hall it covers all the places,12-12-13,December,2013,4
"MAHARAJA WHITELINE 65 L Desert Air Cooler(White, Grey, Rambo Grey / AC-303)",7999,very impressive coolerpros stylish energy efficient  watt very good air throw and cooling summersible pumpcons very bulky take more place than other no wheel lack of ice box,09-09-13,September,2013,3
"MAHARAJA WHITELINE 65 L Desert Air Cooler(White, Grey, Rambo Grey / AC-303)",7999,best cooler i bought ,02-08-14,August,2014,5
"MAHARAJA WHITELINE 65 L Desert Air Cooler(White, Grey, Rambo Grey / AC-303)",7999,excellent cooler in this price rangepros air throw is very powerful even when u run it at slow speed setting  cooling and tank capacity ergonomics cons if you want to clean the cooler then opening the pads is very cumbersome process if you have placed it on some flat surface then also draining the old water is very difficult overall v good cooler apart from above cons and considering price,01-03-14,March,2014,5
"MAHARAJA WHITELINE 65 L Desert Air Cooler(White, Grey, Rambo Grey / AC-303)",7999,cooler not provide cool air because year experience,21-12-12,December,2012,1
"MAHARAJA WHITELINE 65 L Desert Air Cooler(White, Grey, Rambo Grey / AC-303)",7999,a good product in budget,07-07-13,July,2013,5
"MAHARAJA WHITELINE 65 L Desert Air Cooler(White, Grey, Rambo Grey / AC-303)",7999,packaging excellent value for money product,26-11-12,November,2012,4
"MAHARAJA WHITELINE 65 L Desert Air Cooler(White, Grey, Rambo Grey / AC-303)",7999,delivered within  days working good,20-08-13,August,2013,5
"MAHARAJA WHITELINE 65 L Desert Air Cooler(White, Grey, Rambo Grey / AC-303)",7999,efficient for large roomspros low noise of fan inverter friendly cools large rooms fastly and easily it have aroma chamber in which you can add tablet of frangrance to counter smell of woodwool pads it have  section for air flow which means you can adjust it to get air for double decker cot equallyconsthey should have provided stand of castor wheel for it to move it should have ice chamberwill update more about it in future,12-06-12,June,2012,4
"MAHARAJA WHITELINE 65 L Desert Air Cooler(White, Grey, Rambo Grey / AC-303)",7999,better than the steel cooler less noise and value for money,02-10-14,October,2014,4
"MAHARAJA WHITELINE 65 L Desert Air Cooler(White, Grey, Rambo Grey / AC-303)",7999,dont buy maharaja whiteline coolers they have cheap aluminum motors that are good for at max  years repair cost of these motors is so high that u would want to sell rather than repair them,16-12-13,December,2013,1
"MAHARAJA WHITELINE 65 L Desert Air Cooler(White, Grey, Rambo Grey / AC-303)",7999,very nice product and delivery is satisfied,10-11-13,November,2013,5
"MAHARAJA WHITELINE 65 L Desert Air Cooler(White, Grey, Rambo Grey / AC-303)",7999,no quality product the wood wool has started falling out from the next day out of two led indicator has found not working on arrival the air swinger is already giving noise when moving which never used to be in my old cooler which i am using since  years the quality is no way machine to branded coolers anti bacterial tank has been bacterial now as there is no way to clean it so congested to maintain it cleanlyin my way think before you buyac has option to aut,15-10-12,October,2012,1
"MAHARAJA WHITELINE 65 L Desert Air Cooler(White, Grey, Rambo Grey / AC-303)",7999,air throw is very good it makes room very cool in just half an hour full tank capacity is  litres which stays up to  hours it makes big living room colder not very much noisy,24-04-13,April,2013,5
"MAHARAJA WHITELINE 65 L Desert Air Cooler(White, Grey, Rambo Grey / AC-303)",7999,on time delivery received exact productthank u flipkart,22-06-14,June,2014,5
"MAHARAJA WHITELINE 65 L Desert Air Cooler(White, Grey, Rambo Grey / AC-303)",7999,maharaja always no ,25-01-13,January,2013,5
"MAHARAJA WHITELINE 65 L Desert Air Cooler(White, Grey, Rambo Grey / AC-303)",7999,awesome product love this,29-07-13,July,2013,5
"MAHARAJA WHITELINE 65 L Desert Air Cooler(White, Grey, Rambo Grey / AC-303)",7999,poar quality plastic material is not good,01-07-14,July,2014,2
"MAHARAJA WHITELINE 65 L Desert Air Cooler(White, Grey, Rambo Grey / AC-303)",7999,value for money,30-06-14,June,2014,4
"MAHARAJA WHITELINE 65 L Desert Air Cooler(White, Grey, Rambo Grey / AC-303)",7999,nice cooler,02-06-13,June,2013,5
"MAHARAJA WHITELINE 65 L Desert Air Cooler(White, Grey, Rambo Grey / AC-303)",7999,fantastic product great cool,04-06-14,June,2014,5
"MAHARAJA WHITELINE 65 L Desert Air Cooler(White, Grey, Rambo Grey / AC-303)",7999,dont buy just by seing the comments dont know how people review and rate the product cooling is ok but when it comes to fill the water you would need inlet pipe to fill the water we cannot open from the backsides to fill the watercleaning is highly impossible because there is no way you can open and clean worst design other small small branded companies provide all those facilities but this is worst product design totally unhappy with this product,27-11-12,November,2012,2
"MAHARAJA WHITELINE 65 L Desert Air Cooler(White, Grey, Rambo Grey / AC-303)",7999,best at its price,17-02-14,February,2014,4
"MAHARAJA WHITELINE 65 L Desert Air Cooler(White, Grey, Rambo Grey / AC-303)",7999,this is my review after using this product for a weekair throw is goodproduce less noisegood product at reasonable pricebut it never open from behindnot easy to cleanrefill the watercable is short,26-03-14,March,2014,2
"MAHARAJA WHITELINE 65 L Desert Air Cooler(White, Grey, Rambo Grey / AC-303)",7999,cooling fan problem,06-11-13,November,2013,1
"MAHARAJA WHITELINE 65 L Desert Air Cooler(White, Grey, Rambo Grey / AC-303)",7999,after discount rs  price is okquality is okdelivery as on time okmotor speed  rpm okpump okcolour is ok look is also okwater storage is appx  ltd more than  large bucket is okstill giving  star because it is a large in size and in width not fit to my window not expectedwill give next rating after couple of month usagethanx flipkart,21-04-14,April,2014,3
"MAHARAJA WHITELINE 65 L Desert Air Cooler(White, Grey, Rambo Grey / AC-303)",7999,product is really worthy of price k however it occupied more space in room should one consider it before buy it worth for that money,12-12-13,December,2013,4
"MAHARAJA WHITELINE 65 L Desert Air Cooler(White, Grey, Rambo Grey / AC-303)",7999,mind blowing very good for hall and for big wondow its really big in size quality is nice must buy,13-04-13,April,2013,5
"MAHARAJA WHITELINE 65 L Desert Air Cooler(White, Grey, Rambo Grey / AC-303)",7999,good and sufficient size,02-06-14,June,2014,5
"MAHARAJA WHITELINE 65 L Desert Air Cooler(White, Grey, Rambo Grey / AC-303)",7999,awesome,26-03-14,March,2014,5
"MAHARAJA WHITELINE 65 L Desert Air Cooler(White, Grey, Rambo Grey / AC-303)",7999,good product,25-07-12,July,2012,5
"MAHARAJA WHITELINE 65 L Desert Air Cooler(White, Grey, Rambo Grey / AC-303)",7999,best product,23-12-13,December,2013,5
"MAHARAJA WHITELINE 65 L Desert Air Cooler(White, Grey, Rambo Grey / AC-303)",7999,very good,25-03-13,March,2013,5
"MAHARAJA WHITELINE 65 L Desert Air Cooler(White, Grey, Rambo Grey / AC-303)",7999,good product delivery on time,26-11-12,November,2012,5
"MAHARAJA WHITELINE 65 L Desert Air Cooler(White, Grey, Rambo Grey / AC-303)",7999,nice product deliver in time,24-05-14,May,2014,5
"MAHARAJA WHITELINE 65 L Desert Air Cooler(White, Grey, Rambo Grey / AC-303)",7999,i honestly liked the productbest desert cooler at lowest price i got the deal of nice brand good built quality with precision to eachgood switches and knobs to controltakes space as its hugevery silentnot high but good speed fan to cool upto upto  feetno ice tray but its not a mattergo for it,25-11-13,November,2013,5
"MAHARAJA WHITELINE 65 L Desert Air Cooler(White, Grey, Rambo Grey / AC-303)",7999,dont buy this product within  year wind blade was broken and noise issue wind blow very low its better to go other brand,14-03-13,March,2013,1
"MAHARAJA WHITELINE 65 L Desert Air Cooler(White, Grey, Rambo Grey / AC-303)",7999,awesome product,26-04-13,April,2013,5
"MAHARAJA WHITELINE 65 L Desert Air Cooler(White, Grey, Rambo Grey / AC-303)",7999,very good product,02-04-13,April,2013,5
"MAHARAJA WHITELINE 65 L Desert Air Cooler(White, Grey, Rambo Grey / AC-303)",7999,valu for money,01-07-14,July,2014,4
"MAHARAJA WHITELINE 65 L Desert Air Cooler(White, Grey, Rambo Grey / AC-303)",7999,nice to,03-05-14,May,2014,4
"MAHARAJA WHITELINE 65 L Desert Air Cooler(White, Grey, Rambo Grey / AC-303)",7999,worst product fan speed very slowlike nothing,01-02-14,February,2014,1
"MAHARAJA WHITELINE 65 L Desert Air Cooler(White, Grey, Rambo Grey / AC-303)",7999,best product,01-07-14,July,2014,5
"MAHARAJA WHITELINE 65 L Desert Air Cooler(White, Grey, Rambo Grey / AC-303)",7999,big size mostly like industrial cooler but within this price and my house is big it is perfect no wheels but can buy stand and it works fine if you have close home and less space go for other options,10-07-13,July,2013,5
"MAHARAJA WHITELINE 65 L Desert Air Cooler(White, Grey, Rambo Grey / AC-303)",7999,very bad service by flipkart customer care representative and jeeves agent too much bad performance no cooling just like a stand fan,01-10-13,October,2013,1
"MAHARAJA WHITELINE 65 L Desert Air Cooler(White, Grey, Rambo Grey / AC-303)",7999,oh really really very good i am so happy,25-03-14,March,2014,4
"MAHARAJA WHITELINE 65 L Desert Air Cooler(White, Grey, Rambo Grey / AC-303)",7999,low air and not cooling as axcpected,31-01-14,January,2014,1
"MAHARAJA WHITELINE 65 L Desert Air Cooler(White, Grey, Rambo Grey / AC-303)",7999,super cooling system,04-12-13,December,2013,5
"MAHARAJA WHITELINE 65 L Desert Air Cooler(White, Grey, Rambo Grey / AC-303)",7999,very nice working,19-01-14,January,2014,5
"MAHARAJA WHITELINE 65 L Desert Air Cooler(White, Grey, Rambo Grey / AC-303)",7999,excellent performance,05-04-14,April,2014,5
"MAHARAJA WHITELINE 65 L Desert Air Cooler(White, Grey, Rambo Grey / AC-303)",7999,good,04-12-13,December,2013,4
"MAHARAJA WHITELINE 65 L Desert Air Cooler(White, Grey, Rambo Grey / AC-303)",7999,wonderful product can go for it,18-08-13,August,2013,5
"MAHARAJA WHITELINE 65 L Desert Air Cooler(White, Grey, Rambo Grey / AC-303)",7999,really desert cooler super cool,10-12-12,December,2012,4
"MAHARAJA WHITELINE 65 L Desert Air Cooler(White, Grey, Rambo Grey / AC-303)",7999,very good product water flow must be slow from pump but its okay,02-03-14,March,2014,5
"MAHARAJA WHITELINE 65 L Desert Air Cooler(White, Grey, Rambo Grey / AC-303)",7999,water inlet is not good,13-01-14,January,2014,1
"MAHARAJA WHITELINE 65 L Desert Air Cooler(White, Grey, Rambo Grey / AC-303)",7999,awesome,01-10-14,October,2014,5
"Crompton 75 L Desert Air Cooler(White, Teal, ACGC-DAC751)",9999,product is delivered before time from fks gurugram warehouse to noida it was received in good condition however few scratches were visible when deliveredproduct is very good and working as expected cooling  sqft drawing room of my flat in hot summer end of april of noida city cool air circulation can be felt even at far ends of the room look of the cooler is also decent finishing is not that fine at corners and very easy to move within the room or outsidefull water tank goes e,27-02-13,February,2013,4
"Crompton 75 L Desert Air Cooler(White, Teal, ACGC-DAC751)",9999,i bought this after comparing over  different types of coolers its cooling is good but nothing compared to desert coolers like kenstar cyclone  what i observed that the cooling pads at the back are not properly soaked in water compared to side cooling pads this maybe the reason why cooling is lesser still its better than most coolers out there in marketprosit looks classy low noisehuge l tankpowerful  degree airthrowconsno indicator light no single switch to turn o,30-10-13,October,2013,5
"Crompton 75 L Desert Air Cooler(White, Teal, ACGC-DAC751)",9999,omni tech retail is great seller very good delivery fantastic product wish xtra good packing thank you flipkart thank you ekart and also thank you omni teck retail seller,09-05-12,May,2012,5
"Crompton 75 L Desert Air Cooler(White, Teal, ACGC-DAC751)",9999,its compolsory needs ventilation otherwise too hot if u have ventilation part in your room then go for it n feel like ac cooling using ice cubes in ice chamberanyway thank u flipu,02-03-14,March,2014,5
"Crompton 75 L Desert Air Cooler(White, Teal, ACGC-DAC751)",9999,i review this product after week usethis cooler is very good air throw is very good and nice coolingi use only water and cooling is niceif u add ice cube then you feel chilled air throw but u should proper ventilation in room open windows doorsi placed my cooler outside room in balcony windowmy room size is  square feet and having this cooler air throw covers my whole room noise is very low like table fan u can sleep peacefully,04-03-13,March,2013,5
"Crompton 75 L Desert Air Cooler(White, Teal, ACGC-DAC751)",9999,it is worth every single penny i bought this cooler for the indoor room where air ventilation is not much but this cooler performs really well for that room the fan motor is very powerful and the water tank is also has a good capacity it cools the room very well where there is no ventilation if it gets the air ventilation it will perform much better please go for it but keep in mind the service for this cooler is very expensive more than acbecause the honey grass are real expensive,21-06-14,June,2014,5
"Crompton 75 L Desert Air Cooler(White, Teal, ACGC-DAC751)",9999,pros  efficient blower fan wide distribution of breeze good appealtrendy and strong body made of abs full tank of water lasts a full day highly portable castor wheels silent operation at full speed compared with other brands cools larger area than advertisedcons  no timer no remote,13-05-14,May,2014,5
"Crompton 75 L Desert Air Cooler(White, Teal, ACGC-DAC751)",9999,awesome cooler cooling was very fast great work in summer,21-11-13,November,2013,5
"Crompton 75 L Desert Air Cooler(White, Teal, ACGC-DAC751)",9999,the main function that is cooling is amazing in this product capacity is great at  litres product delivery was really good and on time and also in great condition i will recommend it ober symphony coolers as it is more value for money and its cooling is incomparable,03-01-13,January,2013,5
"Crompton 75 L Desert Air Cooler(White, Teal, ACGC-DAC751)",9999,bought  cooler  by  gap of  weeks cooling amazing no need of stand coz of standerd hight compact size have ice chamber and strong body,02-04-13,April,2013,5
"Crompton 75 L Desert Air Cooler(White, Teal, ACGC-DAC751)",9999,this buy is true value for money white in colour beautiful to look at has wheels can be moved around easily tank capacity is awesome has fab cool and swing option also has a ice cabinet at the top of the cooler packing was good timely deluvary and we are really happy,31-05-13,May,2013,5
"Crompton 75 L Desert Air Cooler(White, Teal, ACGC-DAC751)",9999,excellent quality it is just like as a c very very cool air i recommend to all to buy it instead of local brands it is zero defect look wise very good delivery within  hours thanks to flipkart and delhivery for transporting safe delivery,30-04-13,April,2013,5
"Crompton 75 L Desert Air Cooler(White, Teal, ACGC-DAC751)",9999,plastic is of good quality no leakages as of now it blows air at high speed useful for long halls small rooms might have problem of noise keep it at some distance and see the effect modes work fine delivery was fantastic as it was delivered in mini truck carried by  guys,07-01-13,January,2013,5
"Crompton 75 L Desert Air Cooler(White, Teal, ACGC-DAC751)",9999,amazing air coolerit is almost  degrees here in gujarat during summersit is highly effective even in this temperature alsooverall this huge machine creates almost negligible noiselove this large yet effective air cooler from crompton,13-08-13,August,2013,5
"Crompton 75 L Desert Air Cooler(White, Teal, ACGC-DAC751)",9999,design is good but not worth itcooling is ok ok air distribution is also normalwill recommend to go for some local cooler as they deliver more chilled air than this one and are cheaper also,02-07-14,July,2014,3
"Crompton 75 L Desert Air Cooler(White, Teal, ACGC-DAC751)",9999,a very nice product easy to maintain quite efficient in function i will give it a five star rating,09-11-13,November,2013,5
"Crompton 75 L Desert Air Cooler(White, Teal, ACGC-DAC751)",9999,best delivery by flipkart and amazing cooler by cromptoni bought this ozone lt air cooler which has powerful air throw and quite good cooling capacity,07-01-14,January,2014,5
"Crompton 75 L Desert Air Cooler(White, Teal, ACGC-DAC751)",9999,very good product on time delivery good offer what we got happy to use for the chennai sunny days,03-11-13,November,2013,5
"Crompton 75 L Desert Air Cooler(White, Teal, ACGC-DAC751)",9999,a good cooler with a decent airthrowi resides in top floor in delhiit is giving perfect cooling till dateonly need cross ventilation for better circulation,31-10-13,October,2013,5
"Crompton 75 L Desert Air Cooler(White, Teal, ACGC-DAC751)",9999,awesome cooler i got it in just  which was a great deal just use it in a well vanitlated room and it works like ac,03-02-13,February,2013,5
"Crompton 75 L Desert Air Cooler(White, Teal, ACGC-DAC751)",9999,wow super cooling delivery date is may but excellent and fast flipkart delivered on may,20-06-13,June,2013,5
"Crompton 75 L Desert Air Cooler(White, Teal, ACGC-DAC751)",9999,very nice product this is the best product among all coolers available in the marketcool calm very useful for big as well as small rooms,12-05-13,May,2013,5
"Crompton 75 L Desert Air Cooler(White, Teal, ACGC-DAC751)",9999,good looks very nice cooling good storage capacity good build quality strong wheels,14-05-14,May,2014,5
"Crompton 75 L Desert Air Cooler(White, Teal, ACGC-DAC751)",9999,size is compact look wise is good noise is lessdelivery and packing is good tooi paid cash on delivery cooling is good enough for a roomi think not suitable for big hall,22-06-13,June,2013,5
"Crompton 75 L Desert Air Cooler(White, Teal, ACGC-DAC751)",9999,cooler is very compact and movable look wise greatperformance was good but not excellent as in extreme heat it doesnt cool as otherwise also difficult to clean the tank leading to stink,14-07-14,July,2014,4
"Crompton 75 L Desert Air Cooler(White, Teal, ACGC-DAC751)",9999,genuine feedback cooler is not so cool but below average it can prevent only the hot air blown by nature during hot climate in summer u can get the air like rainy day nothing else,27-01-13,January,2013,3
"Crompton 75 L Desert Air Cooler(White, Teal, ACGC-DAC751)",9999,superb cooler and working like tonac in my room satisfied with this product happily go for it,19-03-14,March,2014,5
"Crompton 75 L Desert Air Cooler(White, Teal, ACGC-DAC751)",9999,best air cooler worth money it works like acand compatible with inverter also,12-05-13,May,2013,5
"Crompton 75 L Desert Air Cooler(White, Teal, ACGC-DAC751)",9999,great product by crompton nice cooling nice looks nice wheels go for itonly concern is length of power cord but you can manage this with extension cordboard,07-11-14,November,2014,5
"Crompton 75 L Desert Air Cooler(White, Teal, ACGC-DAC751)",9999,am writing this review after using the product for a monththe built quality is good and the cooling efficiency is very nice when it is placed near to the windowthe only concern with it is no water outlet found at the bottom when you want to release the water or clean the cooler,26-05-13,May,2013,4
"Crompton 75 L Desert Air Cooler(White, Teal, ACGC-DAC751)",9999,excellent i recommend it but you need fill drinking water ltrs for  hours approximately and using soft water drinking is best to retain the water pump life little bit noisy in fast mode useful for  x  sqft area,05-02-14,February,2014,5
"Crompton 75 L Desert Air Cooler(White, Teal, ACGC-DAC751)",9999,cooler is great but its tough to serve the water into it is little difficult if the water resources are less with you but in terms of cooler its great enough for big hall xft,07-09-14,September,2014,5
"Crompton 75 L Desert Air Cooler(White, Teal, ACGC-DAC751)",9999,first of all a big thanks to flipkart for the fast delivery i loved this product from crompton i recommend if anyone wants to purchase this product,18-04-13,April,2013,5
"Crompton 75 L Desert Air Cooler(White, Teal, ACGC-DAC751)",9999,it is good productusing it in the hall and sitting on the sofayou feel the cool airits at a decent height,26-12-13,December,2013,5
"Crompton 75 L Desert Air Cooler(White, Teal, ACGC-DAC751)",9999,crompton ozone  is one of the best desert air cooler in market it is amazing product with great featuresless noisy and good cooling is one of the most important feature of this cooler,15-03-14,March,2014,4
"Crompton 75 L Desert Air Cooler(White, Teal, ACGC-DAC751)",9999,i have purchase in  it is amazing cooler like ac,11-05-13,May,2013,5
"Crompton 75 L Desert Air Cooler(White, Teal, ACGC-DAC751)",9999,very silent and cool air thank you flipkart and seller,12-05-13,May,2013,5
"Crompton 75 L Desert Air Cooler(White, Teal, ACGC-DAC751)",9999,nice cooler cools very quick but i didnt get the manual book packaging was little damaged seller was dhamakadeal,07-10-14,October,2014,5
"Crompton 75 L Desert Air Cooler(White, Teal, ACGC-DAC751)",9999,cooling is ok but it smells too bad,07-07-14,July,2014,3
"Crompton 75 L Desert Air Cooler(White, Teal, ACGC-DAC751)",9999,nice product by crompton nice cooling and air delivery,26-12-12,December,2012,5
"Crompton 75 L Desert Air Cooler(White, Teal, ACGC-DAC751)",9999,good product,13-06-14,June,2014,5
"Crompton 75 L Desert Air Cooler(White, Teal, ACGC-DAC751)",9999,best in this price rangei only used first day nighti have cold,03-07-13,July,2013,5
"Crompton 75 L Desert Air Cooler(White, Teal, ACGC-DAC751)",9999,nice product,07-01-14,January,2014,4
"Crompton 75 L Desert Air Cooler(White, Teal, ACGC-DAC751)",9999,good product,27-05-14,May,2014,5
"Crompton 75 L Desert Air Cooler(White, Teal, ACGC-DAC751)",9999,product was good,25-06-13,June,2013,5
"Crompton 75 L Desert Air Cooler(White, Teal, ACGC-DAC751)",9999,its been a  days using this product so far excellent can be used for inside also,16-09-13,September,2013,5
"Crompton 75 L Desert Air Cooler(White, Teal, ACGC-DAC751)",9999,this cooler is wonderful i would say best desert cooler but do not buy it from flipkart at all they will pack it in worst way possible and their delivery guys will keep it in tampo with lots of load on iti received it as broken productand i know how difficult it was to get replacement in time their customer care representative gets payed only to apologize supervisormanagers even case escalate managers will have only sorry to share with youbuy this cooler but not from flipkart,30-01-13,January,2013,1
"Crompton 75 L Desert Air Cooler(White, Teal, ACGC-DAC751)",9999,i buy this product  dessert but total sent another product still now cant be returned times technician visit postponed and some times automatically return rejected by flipkart after i call the flipkart customer care but they agreed the problem and still product cant be retu,27-12-13,December,2013,1
"Crompton 75 L Desert Air Cooler(White, Teal, ACGC-DAC751)",9999,item is good but delivery service of flipkart delhivery courier service is worst,21-12-13,December,2013,1
"Crompton 75 L Desert Air Cooler(White, Teal, ACGC-DAC751)",9999,very good coolerone thing you should have is cross ventilation then it will like  ton ac,14-02-13,February,2013,5
"Crompton 75 L Desert Air Cooler(White, Teal, ACGC-DAC751)",9999,value for money,07-10-13,October,2013,5
"Crompton 75 L Desert Air Cooler(White, Teal, ACGC-DAC751)",9999,excellent product excellent delivery specially excellent behavior of delivery agent noise is very low fully satisfied  out of  i am from west bengal and there is not any single scratch on the product due to delivery reason excellent no leakage issue in honeycomb pad everything is fine bohot dino ke bad chain se sone ko mila yaar just fill up  liter tank with  to  large bucket of water and enjoy special warning dont switch on the pump regulator wit,15-01-14,January,2014,5
"Crompton 75 L Desert Air Cooler(White, Teal, ACGC-DAC751)",9999,i did not like this product its fan doesnt work properly the engineer comes and gives false hopes to my parents and returns back anf you guys have cancelled my refund this is ridiculous this is a waste productjeeves and flipkart have duped us big time,17-05-14,May,2014,1
"Crompton 75 L Desert Air Cooler(White, Teal, ACGC-DAC751)",9999,excellent meet requirements heavy duty less noise work like an acgood light designed body,24-12-13,December,2013,5
"Mi 3i 10000 mAh Power Bank (Fast Charging, 18W) (Blue, Lithium Polymer)",1149,nice product thank you for flipkart,25-06-14,June,2014,5
"Mi 3i 10000 mAh Power Bank (Fast Charging, 18W) (Blue, Lithium Polymer)",1149,quality was good,11-08-13,August,2013,5
"Mi 3i 10000 mAh Power Bank (Fast Charging, 18W) (Blue, Lithium Polymer)",1149,good,14-03-14,March,2014,5
"Mi 3i 10000 mAh Power Bank (Fast Charging, 18W) (Blue, Lithium Polymer)",1149,it okk,22-05-13,May,2013,5
"Mi 3i 10000 mAh Power Bank (Fast Charging, 18W) (Blue, Lithium Polymer)",1149,very bad product power bank charging is poor performance dont buy this product,07-11-14,November,2014,1
"Mi 3i 10000 mAh Power Bank (Fast Charging, 18W) (Blue, Lithium Polymer)",1149,good,24-11-13,November,2013,5
"Mi 3i 10000 mAh Power Bank (Fast Charging, 18W) (Blue, Lithium Polymer)",1149,really good i love it,23-01-14,January,2014,4
"Mi 3i 10000 mAh Power Bank (Fast Charging, 18W) (Blue, Lithium Polymer)",1149,good product,10-02-12,February,2012,5
"Mi 3i 10000 mAh Power Bank (Fast Charging, 18W) (Blue, Lithium Polymer)",1149,so cute pavan mi,16-07-13,July,2013,5
"Mi 3i 10000 mAh Power Bank (Fast Charging, 18W) (Blue, Lithium Polymer)",1149,thanku pocket friendly,20-11-13,November,2013,5
"Mi 3i 10000 mAh Power Bank (Fast Charging, 18W) (Blue, Lithium Polymer)",1149,very nice,14-12-13,December,2013,5
"Mi 3i 10000 mAh Power Bank (Fast Charging, 18W) (Blue, Lithium Polymer)",1149,worst backup not even able to replace,19-03-14,March,2014,1
"Mi 3i 10000 mAh Power Bank (Fast Charging, 18W) (Blue, Lithium Polymer)",1149,vest off product,15-12-12,December,2012,1
"Mi 3i 10000 mAh Power Bank (Fast Charging, 18W) (Blue, Lithium Polymer)",1149,not bad,23-01-13,January,2013,2
"Mi 3i 10000 mAh Power Bank (Fast Charging, 18W) (Blue, Lithium Polymer)",1149,nice,12-11-13,November,2013,4
"Mi 3i 10000 mAh Power Bank (Fast Charging, 18W) (Blue, Lithium Polymer)",1149, hours charge only  charging do not charge full,08-10-13,October,2013,1
"Mi 3i 10000 mAh Power Bank (Fast Charging, 18W) (Blue, Lithium Polymer)",1149,good product,03-10-13,October,2013,5
"Mi 3i 10000 mAh Power Bank (Fast Charging, 18W) (Blue, Lithium Polymer)",1149,good product,10-05-13,May,2013,5
"Mi 3i 10000 mAh Power Bank (Fast Charging, 18W) (Blue, Lithium Polymer)",1149,nice product,22-12-13,December,2013,5
"Mi 3i 10000 mAh Power Bank (Fast Charging, 18W) (Blue, Lithium Polymer)",1149,superb,12-10-12,October,2012,4
"Mi 3i 10000 mAh Power Bank (Fast Charging, 18W) (Blue, Lithium Polymer)",1149,nicely product thx filpkart,29-01-14,January,2014,5
"Mi 3i 10000 mAh Power Bank (Fast Charging, 18W) (Blue, Lithium Polymer)",1149,worth the money,11-11-13,November,2013,4
"Mi 3i 10000 mAh Power Bank (Fast Charging, 18W) (Blue, Lithium Polymer)",1149,best quality product awesome,14-11-13,November,2013,5
"Mi 3i 10000 mAh Power Bank (Fast Charging, 18W) (Blue, Lithium Polymer)",1149,osm,09-10-13,October,2013,3
"Mi 3i 10000 mAh Power Bank (Fast Charging, 18W) (Blue, Lithium Polymer)",1149,very good,12-01-12,January,2012,5
"Mi 3i 10000 mAh Power Bank (Fast Charging, 18W) (Blue, Lithium Polymer)",1149,good,19-07-13,July,2013,5
"Mi 3i 10000 mAh Power Bank (Fast Charging, 18W) (Blue, Lithium Polymer)",1149,nice,17-12-12,December,2012,5
"Mi 3i 10000 mAh Power Bank (Fast Charging, 18W) (Blue, Lithium Polymer)",1149,its an amazing proudest,12-01-13,January,2013,5
"Mi 3i 10000 mAh Power Bank (Fast Charging, 18W) (Blue, Lithium Polymer)",1149,good product,05-03-14,March,2014,5
"Mi 3i 10000 mAh Power Bank (Fast Charging, 18W) (Blue, Lithium Polymer)",1149,nice,02-01-14,January,2014,5
"Mi 3i 10000 mAh Power Bank (Fast Charging, 18W) (Blue, Lithium Polymer)",1149,good,25-01-13,January,2013,5
"Mi 3i 10000 mAh Power Bank (Fast Charging, 18W) (Blue, Lithium Polymer)",1149,good product,08-03-13,March,2013,5
"Mi 3i 10000 mAh Power Bank (Fast Charging, 18W) (Blue, Lithium Polymer)",1149,satisfying,12-01-12,January,2012,5
"Mi 3i 10000 mAh Power Bank (Fast Charging, 18W) (Blue, Lithium Polymer)",1149,valuable product,07-05-14,May,2014,4
"Mi 3i 10000 mAh Power Bank (Fast Charging, 18W) (Blue, Lithium Polymer)",1149,always goodbut micro usb cabe inbox is not good,06-02-13,February,2013,3
"Mi 3i 10000 mAh Power Bank (Fast Charging, 18W) (Blue, Lithium Polymer)",1149,performance is the best,15-06-14,June,2014,5
"Mi 3i 10000 mAh Power Bank (Fast Charging, 18W) (Blue, Lithium Polymer)",1149,good,17-08-13,August,2013,4
"Mi 3i 10000 mAh Power Bank (Fast Charging, 18W) (Blue, Lithium Polymer)",1149,charging not working,04-04-14,April,2014,1
"Mi 3i 10000 mAh Power Bank (Fast Charging, 18W) (Blue, Lithium Polymer)",1149,good,25-10-13,October,2013,4
"Mi 3i 10000 mAh Power Bank (Fast Charging, 18W) (Blue, Lithium Polymer)",1149,amezing product i love it quality and power back and fast charging also very good,19-02-13,February,2013,5
"Mi 3i 10000 mAh Power Bank (Fast Charging, 18W) (Blue, Lithium Polymer)",1149,nice design it is working very well,09-10-13,October,2013,5
"Mi 3i 10000 mAh Power Bank (Fast Charging, 18W) (Blue, Lithium Polymer)",1149,fast charging,27-11-13,November,2013,5
"Mi 3i 10000 mAh Power Bank (Fast Charging, 18W) (Blue, Lithium Polymer)",1149,always best,06-09-13,September,2013,5
FLIPZON Baby 6 Shelve Unbreakable Material PVC Collapsible WardrobeFinish Color  Pink DIYDoItYourself,1095,its nice product for babys good looking and more storage but i identify one prblm is layers are correctlt seted but there opening sib is just under of one layer its a demerit of this product,25-12-12,December,2012,5
FLIPZON Baby 6 Shelve Unbreakable Material PVC Collapsible WardrobeFinish Color  Pink DIYDoItYourself,1095,super,18-09-13,September,2013,5
FLIPZON Baby 6 Shelve Unbreakable Material PVC Collapsible WardrobeFinish Color  Pink DIYDoItYourself,1095,awesome,07-11-13,November,2013,5
FLIPZON Baby 6 Shelve Unbreakable Material PVC Collapsible WardrobeFinish Color  Pink DIYDoItYourself,1095,awesome i am so happy,02-08-14,August,2014,5
FLIPZON Baby 6 Shelve Unbreakable Material PVC Collapsible WardrobeFinish Color  Pink DIYDoItYourself,1095,very nice,02-10-14,October,2014,5
FLIPZON Baby 6 Shelve Unbreakable Material PVC Collapsible WardrobeFinish Color  Pink DIYDoItYourself,1095,nice,23-12-13,December,2013,5
FLIPZON Baby 6 Shelve Unbreakable Material PVC Collapsible WardrobeFinish Color  Pink DIYDoItYourself,1095,worth it product just go for it,24-01-14,January,2014,4
FLIPZON Baby 6 Shelve Unbreakable Material PVC Collapsible WardrobeFinish Color  Pink DIYDoItYourself,1095,you can go for it,03-05-13,May,2013,5
FLIPZON Baby 6 Shelve Unbreakable Material PVC Collapsible WardrobeFinish Color  Pink DIYDoItYourself,1095,very good my mind is full off happy,14-09-13,September,2013,5
FLIPZON Baby 6 Shelve Unbreakable Material PVC Collapsible WardrobeFinish Color  Pink DIYDoItYourself,1095,good,05-02-14,February,2014,5
FLIPZON Baby 6 Shelve Unbreakable Material PVC Collapsible WardrobeFinish Color  Pink DIYDoItYourself,1095,satisfied,03-10-14,October,2014,3
FLIPZON Baby 6 Shelve Unbreakable Material PVC Collapsible WardrobeFinish Color  Pink DIYDoItYourself,1095,good,12-08-12,August,2012,5
FLIPZON Baby 6 Shelve Unbreakable Material PVC Collapsible WardrobeFinish Color  Pink DIYDoItYourself,1095,dont buyit breaks with in few days,03-01-14,January,2014,1
FLIPZON Baby 6 Shelve Unbreakable Material PVC Collapsible WardrobeFinish Color  Pink DIYDoItYourself,1095,nice,01-07-14,July,2014,5
FLIPZON Baby 6 Shelve Unbreakable Material PVC Collapsible WardrobeFinish Color  Pink DIYDoItYourself,1095,good,21-03-14,March,2014,5
FLIPZON Baby 6 Shelve Unbreakable Material PVC Collapsible WardrobeFinish Color  Pink DIYDoItYourself,1095,valuable,10-06-13,June,2013,3
FLIPZON Baby 6 Shelve Unbreakable Material PVC Collapsible WardrobeFinish Color  Pink DIYDoItYourself,1095,very nice,30-03-13,March,2013,4
FLIPZON Baby 6 Shelve Unbreakable Material PVC Collapsible WardrobeFinish Color  Pink DIYDoItYourself,1095,very good product,28-01-14,January,2014,5
FLIPZON Baby 6 Shelve Unbreakable Material PVC Collapsible WardrobeFinish Color  Pink DIYDoItYourself,1095,beautiful toys box thanks,19-05-13,May,2013,5
FLIPZON Baby 6 Shelve Unbreakable Material PVC Collapsible WardrobeFinish Color  Pink DIYDoItYourself,1095,nice,16-12-12,December,2012,5
FLIPZON Baby 6 Shelve Unbreakable Material PVC Collapsible WardrobeFinish Color  Pink DIYDoItYourself,1095,very nice,13-10-13,October,2013,5
FLIPZON Baby 6 Shelve Unbreakable Material PVC Collapsible WardrobeFinish Color  Pink DIYDoItYourself,1095,supper product,30-06-14,June,2014,4
FLIPZON Baby 6 Shelve Unbreakable Material PVC Collapsible WardrobeFinish Color  Pink DIYDoItYourself,1095,i like it,14-03-13,March,2013,3
FLIPZON Baby 6 Shelve Unbreakable Material PVC Collapsible WardrobeFinish Color  Pink DIYDoItYourself,1095,owsem,01-08-13,August,2013,5
FLIPZON Baby 6 Shelve Unbreakable Material PVC Collapsible WardrobeFinish Color  Pink DIYDoItYourself,1095,good priductgood packing,04-01-13,January,2013,5
FLIPZON Baby 6 Shelve Unbreakable Material PVC Collapsible WardrobeFinish Color  Pink DIYDoItYourself,1095,excellent product,27-12-12,December,2012,5
FLIPZON Baby 6 Shelve Unbreakable Material PVC Collapsible WardrobeFinish Color  Pink DIYDoItYourself,1095,nice,21-10-13,October,2013,4
FLIPZON Baby 6 Shelve Unbreakable Material PVC Collapsible WardrobeFinish Color  Pink DIYDoItYourself,1095,supr,31-08-13,August,2013,3
FLIPZON Baby 6 Shelve Unbreakable Material PVC Collapsible WardrobeFinish Color  Pink DIYDoItYourself,1095,its awesomego for it,22-04-14,April,2014,4
FLIPZON Baby 6 Shelve Unbreakable Material PVC Collapsible WardrobeFinish Color  Pink DIYDoItYourself,1095,pipes quality not good so money wastagethanks,30-05-13,May,2013,2
FLIPZON Baby 6 Shelve Unbreakable Material PVC Collapsible WardrobeFinish Color  Pink DIYDoItYourself,1095,not so reliable if you put some extra weight the base will detached automatically wastage of money dont buy if you think you put all you kid stuff katha,17-01-14,January,2014,1
FLIPZON Baby 6 Shelve Unbreakable Material PVC Collapsible WardrobeFinish Color  Pink DIYDoItYourself,1095,wow super,17-02-14,February,2014,5
FLIPZON Baby 6 Shelve Unbreakable Material PVC Collapsible WardrobeFinish Color  Pink DIYDoItYourself,1095,all good,30-11-12,November,2012,5
FLIPZON Baby 6 Shelve Unbreakable Material PVC Collapsible WardrobeFinish Color  Pink DIYDoItYourself,1095,good one,27-04-13,April,2013,4
FLIPZON Baby 6 Shelve Unbreakable Material PVC Collapsible WardrobeFinish Color  Pink DIYDoItYourself,1095,very good product,02-07-13,July,2013,5
FLIPZON Baby 6 Shelve Unbreakable Material PVC Collapsible WardrobeFinish Color  Pink DIYDoItYourself,1095,best,07-10-14,October,2014,5
FLIPZON Baby 6 Shelve Unbreakable Material PVC Collapsible WardrobeFinish Color  Pink DIYDoItYourself,1095,bad quality,26-06-13,June,2013,3
FLIPZON Baby 6 Shelve Unbreakable Material PVC Collapsible WardrobeFinish Color  Pink DIYDoItYourself,1095,liked it,03-06-14,June,2014,4
FLIPZON Baby 6 Shelve Unbreakable Material PVC Collapsible WardrobeFinish Color  Pink DIYDoItYourself,1095,the product was as expected value for money,27-04-14,April,2014,5
FLIPZON Baby 6 Shelve Unbreakable Material PVC Collapsible WardrobeFinish Color  Pink DIYDoItYourself,1095,its price is good according to product i suggest product buy you,27-06-14,June,2014,4
FLIPZON Baby 6 Shelve Unbreakable Material PVC Collapsible WardrobeFinish Color  Pink DIYDoItYourself,1095,its small,25-09-12,September,2012,3
FLIPZON Baby 6 Shelve Unbreakable Material PVC Collapsible WardrobeFinish Color  Pink DIYDoItYourself,1095,very useful product also very cheaper than retail shop good deal go for it,03-09-13,September,2013,4
RIAN Animal Single Mink Blanket for  Mild WinterPolyester Brown Grey,599,soft smooth and perfect for mild winter very easy carrying,01-09-14,September,2014,5
RIAN Animal Single Mink Blanket for  Mild WinterPolyester Brown Grey,599,really comfortable blanket,26-11-12,November,2012,5
RIAN Animal Single Mink Blanket for  Mild WinterPolyester Brown Grey,599,is very nice,29-04-14,April,2014,5
RIAN Animal Single Mink Blanket for  Mild WinterPolyester Brown Grey,599,its product is very good,08-12-13,December,2013,5
RIAN Animal Single Mink Blanket for  Mild WinterPolyester Brown Grey,599,very soft and beautiful print,27-04-13,April,2013,5
RIAN Animal Single Mink Blanket for  Mild WinterPolyester Brown Grey,599,its good,01-06-14,June,2014,3
RIAN Animal Single Mink Blanket for  Mild WinterPolyester Brown Grey,599,nice productthanks,12-12-12,December,2012,5
RIAN Animal Single Mink Blanket for  Mild WinterPolyester Brown Grey,599,good,08-05-13,May,2013,5
RIAN Animal Single Mink Blanket for  Mild WinterPolyester Brown Grey,599,good,27-11-12,November,2012,5
RIAN Animal Single Mink Blanket for  Mild WinterPolyester Brown Grey,599,good,27-03-14,March,2014,3
RIAN Animal Single Mink Blanket for  Mild WinterPolyester Brown Grey,599,nice product,01-01-14,January,2014,4
RIAN Animal Single Mink Blanket for  Mild WinterPolyester Brown Grey,599,nic,28-01-14,January,2014,5
RIAN Animal Single Mink Blanket for  Mild WinterPolyester Brown Grey,599,worth every penny go for it guys,27-06-13,June,2013,5
RIAN Animal Single Mink Blanket for  Mild WinterPolyester Brown Grey,599,comfortable,13-08-13,August,2013,5
RIAN Animal Single Mink Blanket for  Mild WinterPolyester Brown Grey,599,light weight and good,13-01-13,January,2013,5
RIAN Animal Single Mink Blanket for  Mild WinterPolyester Brown Grey,599,nice,06-11-14,November,2014,5
RIAN Animal Single Mink Blanket for  Mild WinterPolyester Brown Grey,599,best,12-11-13,November,2013,5
RIAN Animal Single Mink Blanket for  Mild WinterPolyester Brown Grey,599,ok,19-02-14,February,2014,5
RIAN Animal Single Mink Blanket for  Mild WinterPolyester Brown Grey,599,good,22-03-14,March,2014,5
RIAN Animal Single Mink Blanket for  Mild WinterPolyester Brown Grey,599,super must buy,12-06-13,June,2013,5
RIAN Animal Single Mink Blanket for  Mild WinterPolyester Brown Grey,599,gud,26-01-13,January,2013,3
RIAN Animal Single Mink Blanket for  Mild WinterPolyester Brown Grey,599,usefull in winter,05-06-13,June,2013,4
RIAN Animal Single Mink Blanket for  Mild WinterPolyester Brown Grey,599,only suitable for moderate cold and also short in width,03-10-14,October,2014,2
RIAN Animal Single Mink Blanket for  Mild WinterPolyester Brown Grey,599,good blanket,11-04-13,April,2013,5
RIAN Animal Single Mink Blanket for  Mild WinterPolyester Brown Grey,599,good,13-06-14,June,2014,4
RIAN Animal Single Mink Blanket for  Mild WinterPolyester Brown Grey,599,wow nice blanket,16-12-13,December,2013,5
RIAN Animal Single Mink Blanket for  Mild WinterPolyester Brown Grey,599,nice products,07-07-13,July,2013,5
RIAN Animal Single Mink Blanket for  Mild WinterPolyester Brown Grey,599,value product received in good quality,23-02-14,February,2014,4
RIAN Animal Single Mink Blanket for  Mild WinterPolyester Brown Grey,599,product was no nice quality is superb but blanket too small for single person,27-12-12,December,2012,4
RIAN Animal Single Mink Blanket for  Mild WinterPolyester Brown Grey,599,its good,07-02-14,February,2014,4
RIAN Animal Single Mink Blanket for  Mild WinterPolyester Brown Grey,599,super soft and comfortable great quality product the lining border feels a bit coarse at first but it softens within a week must buy,10-11-13,November,2013,5
RIAN Animal Single Mink Blanket for  Mild WinterPolyester Brown Grey,599,very good,24-01-13,January,2013,4
RIAN Animal Single Mink Blanket for  Mild WinterPolyester Brown Grey,599,very nice,12-09-13,September,2013,5
RIAN Animal Single Mink Blanket for  Mild WinterPolyester Brown Grey,599,good quality,20-06-13,June,2013,4
RIAN Animal Single Mink Blanket for  Mild WinterPolyester Brown Grey,599,better then,18-02-13,February,2013,4
RIAN Animal Single Mink Blanket for  Mild WinterPolyester Brown Grey,599,good,08-02-13,February,2013,5
RIAN Animal Single Mink Blanket for  Mild WinterPolyester Brown Grey,599,nice blanket,25-02-13,February,2013,5
RIAN Animal Single Mink Blanket for  Mild WinterPolyester Brown Grey,599,it is the best,28-04-14,April,2014,5
RIAN Animal Single Mink Blanket for  Mild WinterPolyester Brown Grey,599,i love itawesome product tq flipkart,01-02-14,February,2014,5
RIAN Animal Single Mink Blanket for  Mild WinterPolyester Brown Grey,599,very baddont buy,25-03-14,March,2014,1
LA VERNE Microfibre Stripes Cushion Pack of 3White,379,satisfaction,26-10-12,October,2012,5
LA VERNE Microfibre Stripes Cushion Pack of 3White,379,wowcant say anything nice one,28-03-13,March,2013,5
LA VERNE Microfibre Stripes Cushion Pack of 3White,379,bad quality,09-02-13,February,2013,1
LA VERNE Microfibre Stripes Cushion Pack of 3White,379,nice cushions good meterial,02-07-13,July,2013,5
LA VERNE Microfibre Stripes Cushion Pack of 3White,379,good productbefore time deliveryi like it,06-08-14,August,2014,4
LA VERNE Microfibre Stripes Cushion Pack of 3White,379,very bad quality,14-12-13,December,2013,1
LA VERNE Microfibre Stripes Cushion Pack of 3White,379,product was good but devilary timings were not good devilary boy was calling  pm,23-08-12,August,2012,4
LA VERNE Microfibre Stripes Cushion Pack of 3White,379,awesome pillow,03-12-14,December,2014,5
thos 5 Layer Simple BookshelfMultipurpose RackChildren BookcasesFile Rack for OfficeStorage OrganizerCabinet Shelves for Bedroom Office Living Room Metal Open Book ShelfFinish Color  Black DIYDoItYourself,785,nice product in this price range and easy to install and strong enough to hold a significant amount of books for a single person,27-11-12,November,2012,4
thos 5 Layer Simple BookshelfMultipurpose RackChildren BookcasesFile Rack for OfficeStorage OrganizerCabinet Shelves for Bedroom Office Living Room Metal Open Book ShelfFinish Color  Black DIYDoItYourself,785,good for books,22-10-12,October,2012,4
thos 5 Layer Simple BookshelfMultipurpose RackChildren BookcasesFile Rack for OfficeStorage OrganizerCabinet Shelves for Bedroom Office Living Room Metal Open Book ShelfFinish Color  Black DIYDoItYourself,785,good product must buythank u,25-08-12,August,2012,5
thos 5 Layer Simple BookshelfMultipurpose RackChildren BookcasesFile Rack for OfficeStorage OrganizerCabinet Shelves for Bedroom Office Living Room Metal Open Book ShelfFinish Color  Black DIYDoItYourself,785,very nice product,30-07-13,July,2013,5
thos 5 Layer Simple BookshelfMultipurpose RackChildren BookcasesFile Rack for OfficeStorage OrganizerCabinet Shelves for Bedroom Office Living Room Metal Open Book ShelfFinish Color  Black DIYDoItYourself,785,its really good product easy to assemblegood quality must buy,29-07-13,July,2013,5
thos 5 Layer Simple BookshelfMultipurpose RackChildren BookcasesFile Rack for OfficeStorage OrganizerCabinet Shelves for Bedroom Office Living Room Metal Open Book ShelfFinish Color  Black DIYDoItYourself,785,nice product built quality is great go for it,27-10-13,October,2013,5
thos 5 Layer Simple BookshelfMultipurpose RackChildren BookcasesFile Rack for OfficeStorage OrganizerCabinet Shelves for Bedroom Office Living Room Metal Open Book ShelfFinish Color  Black DIYDoItYourself,785,nyc,25-05-14,May,2014,3
thos 5 Layer Simple BookshelfMultipurpose RackChildren BookcasesFile Rack for OfficeStorage OrganizerCabinet Shelves for Bedroom Office Living Room Metal Open Book ShelfFinish Color  Black DIYDoItYourself,785,nice good quality product right time delivery thks to flipkart,28-09-13,September,2013,5
thos 5 Layer Simple BookshelfMultipurpose RackChildren BookcasesFile Rack for OfficeStorage OrganizerCabinet Shelves for Bedroom Office Living Room Metal Open Book ShelfFinish Color  Black DIYDoItYourself,785,nyc product,13-08-12,August,2012,4
thos 5 Layer Simple BookshelfMultipurpose RackChildren BookcasesFile Rack for OfficeStorage OrganizerCabinet Shelves for Bedroom Office Living Room Metal Open Book ShelfFinish Color  Black DIYDoItYourself,785,super,03-03-14,March,2014,5
thos 5 Layer Simple BookshelfMultipurpose RackChildren BookcasesFile Rack for OfficeStorage OrganizerCabinet Shelves for Bedroom Office Living Room Metal Open Book ShelfFinish Color  Black DIYDoItYourself,785,very nice thanks flipkart,09-02-12,February,2012,4
thos 5 Layer Simple BookshelfMultipurpose RackChildren BookcasesFile Rack for OfficeStorage OrganizerCabinet Shelves for Bedroom Office Living Room Metal Open Book ShelfFinish Color  Black DIYDoItYourself,785,very good productbut light,04-12-14,December,2014,5
thos 5 Layer Simple BookshelfMultipurpose RackChildren BookcasesFile Rack for OfficeStorage OrganizerCabinet Shelves for Bedroom Office Living Room Metal Open Book ShelfFinish Color  Black DIYDoItYourself,785,amazing nice quality highly recommended,12-11-13,November,2013,5
thos 5 Layer Simple BookshelfMultipurpose RackChildren BookcasesFile Rack for OfficeStorage OrganizerCabinet Shelves for Bedroom Office Living Room Metal Open Book ShelfFinish Color  Black DIYDoItYourself,785,pipes are disoriented unable to install,27-02-14,February,2014,1
thos 5 Layer Simple BookshelfMultipurpose RackChildren BookcasesFile Rack for OfficeStorage OrganizerCabinet Shelves for Bedroom Office Living Room Metal Open Book ShelfFinish Color  Black DIYDoItYourself,785,very good you can buy,23-11-13,November,2013,5
thos 5 Layer Simple BookshelfMultipurpose RackChildren BookcasesFile Rack for OfficeStorage OrganizerCabinet Shelves for Bedroom Office Living Room Metal Open Book ShelfFinish Color  Black DIYDoItYourself,785,first thing i ordered pink colour but seller send me grey colourand quality wise this is cheap producti feel that it breaks anytimeif i put heavy books its definitely break downplease buy this type of bookshelf from local shops waste of money product,11-02-13,February,2013,1
thos 5 Layer Simple BookshelfMultipurpose RackChildren BookcasesFile Rack for OfficeStorage OrganizerCabinet Shelves for Bedroom Office Living Room Metal Open Book ShelfFinish Color  Black DIYDoItYourself,785,according to its price its ok if you looking for strong bookself you can skip it but if you looking for a good looking self in less price you can buy it,04-01-14,January,2014,3
thos 5 Layer Simple BookshelfMultipurpose RackChildren BookcasesFile Rack for OfficeStorage OrganizerCabinet Shelves for Bedroom Office Living Room Metal Open Book ShelfFinish Color  Black DIYDoItYourself,785,would have had more weight not upto the mark but seeing the price i feel its ok its better to increase its quality and price accordingly money is not always important we spend a more precious one to buy things our time,10-04-13,April,2013,2
thos 5 Layer Simple BookshelfMultipurpose RackChildren BookcasesFile Rack for OfficeStorage OrganizerCabinet Shelves for Bedroom Office Living Room Metal Open Book ShelfFinish Color  Black DIYDoItYourself,785,good product,16-04-13,April,2013,5
thos 5 Layer Simple BookshelfMultipurpose RackChildren BookcasesFile Rack for OfficeStorage OrganizerCabinet Shelves for Bedroom Office Living Room Metal Open Book ShelfFinish Color  Black DIYDoItYourself,785,it is very good for you stay anather place,26-07-13,July,2013,4
thos 5 Layer Simple BookshelfMultipurpose RackChildren BookcasesFile Rack for OfficeStorage OrganizerCabinet Shelves for Bedroom Office Living Room Metal Open Book ShelfFinish Color  Black DIYDoItYourself,785,they said table is metal but only rods are aluminium this product is better for less weight materials only dont bare more weight and one more thing is we need to stitch the cloth again as you can see in pic,09-06-13,June,2013,3
thos 5 Layer Simple BookshelfMultipurpose RackChildren BookcasesFile Rack for OfficeStorage OrganizerCabinet Shelves for Bedroom Office Living Room Metal Open Book ShelfFinish Color  Black DIYDoItYourself,785,nice,28-01-13,January,2013,4
thos 5 Layer Simple BookshelfMultipurpose RackChildren BookcasesFile Rack for OfficeStorage OrganizerCabinet Shelves for Bedroom Office Living Room Metal Open Book ShelfFinish Color  Black DIYDoItYourself,785,super amazingreally thank flipkart and also thank for makers,02-09-13,September,2013,5
thos 5 Layer Simple BookshelfMultipurpose RackChildren BookcasesFile Rack for OfficeStorage OrganizerCabinet Shelves for Bedroom Office Living Room Metal Open Book ShelfFinish Color  Black DIYDoItYourself,785,its plastic not metal,31-10-13,October,2013,1
thos 5 Layer Simple BookshelfMultipurpose RackChildren BookcasesFile Rack for OfficeStorage OrganizerCabinet Shelves for Bedroom Office Living Room Metal Open Book ShelfFinish Color  Black DIYDoItYourself,785,very nice and useful,14-05-14,May,2014,5
thos 5 Layer Simple BookshelfMultipurpose RackChildren BookcasesFile Rack for OfficeStorage OrganizerCabinet Shelves for Bedroom Office Living Room Metal Open Book ShelfFinish Color  Black DIYDoItYourself,785,wonderful productamazing thank u flipkart,16-12-13,December,2013,5
thos 5 Layer Simple BookshelfMultipurpose RackChildren BookcasesFile Rack for OfficeStorage OrganizerCabinet Shelves for Bedroom Office Living Room Metal Open Book ShelfFinish Color  Black DIYDoItYourself,785,usefull,27-03-14,March,2014,3
thos 5 Layer Simple BookshelfMultipurpose RackChildren BookcasesFile Rack for OfficeStorage OrganizerCabinet Shelves for Bedroom Office Living Room Metal Open Book ShelfFinish Color  Black DIYDoItYourself,785,very worst poor quality just like a toy made with cloth dont buy it return option also not there,02-12-14,December,2014,1
thos 5 Layer Simple BookshelfMultipurpose RackChildren BookcasesFile Rack for OfficeStorage OrganizerCabinet Shelves for Bedroom Office Living Room Metal Open Book ShelfFinish Color  Black DIYDoItYourself,785,extremely nice productthank you flipcart,18-05-13,May,2013,5
thos 5 Layer Simple BookshelfMultipurpose RackChildren BookcasesFile Rack for OfficeStorage OrganizerCabinet Shelves for Bedroom Office Living Room Metal Open Book ShelfFinish Color  Black DIYDoItYourself,785,plastic quality is not so good but size and design is good for me for using as file rack,01-08-14,August,2014,4
thos 5 Layer Simple BookshelfMultipurpose RackChildren BookcasesFile Rack for OfficeStorage OrganizerCabinet Shelves for Bedroom Office Living Room Metal Open Book ShelfFinish Color  Black DIYDoItYourself,785,its not a standard size files can not keep it vertically not expected size but quality is gud,26-10-12,October,2012,3
Chhariya Crafts Metal Krishna with Cow Standing Under Tree Plying Flute Decorative Showpiece    17 cmMetal Gold,298,beautiful iam happy with this product thx to deliver boys will fast delivery thx so much gobbless nice peaking,12-06-12,June,2012,4
Chhariya Crafts Metal Krishna with Cow Standing Under Tree Plying Flute Decorative Showpiece    17 cmMetal Gold,298,thank you flikart for giving nice quality and beautiful productkrishna idol which we ordered is so beautiful good qualityand it is more than our expectation,01-01-13,January,2013,5
Chhariya Crafts Metal Krishna with Cow Standing Under Tree Plying Flute Decorative Showpiece    17 cmMetal Gold,298,very good,27-11-12,November,2012,5
Chhariya Crafts Metal Krishna with Cow Standing Under Tree Plying Flute Decorative Showpiece    17 cmMetal Gold,298,worth the money use it as decorative dont use it for daily pooja,30-03-14,March,2014,4
Chhariya Crafts Metal Krishna with Cow Standing Under Tree Plying Flute Decorative Showpiece    17 cmMetal Gold,298,beautifulbest in price,09-12-12,December,2012,5
Chhariya Crafts Metal Krishna with Cow Standing Under Tree Plying Flute Decorative Showpiece    17 cmMetal Gold,298,nice product,01-10-14,October,2014,5
Chhariya Crafts Metal Krishna with Cow Standing Under Tree Plying Flute Decorative Showpiece    17 cmMetal Gold,298,great value for money in such a affordable price you can not get anything better than thismust buy,28-12-12,December,2012,4
Chhariya Crafts Metal Krishna with Cow Standing Under Tree Plying Flute Decorative Showpiece    17 cmMetal Gold,298,good,11-08-13,August,2013,5
Chhariya Crafts Metal Krishna with Cow Standing Under Tree Plying Flute Decorative Showpiece    17 cmMetal Gold,298,awesome product thank you flipkart,20-02-13,February,2013,5
Chhariya Crafts Metal Krishna with Cow Standing Under Tree Plying Flute Decorative Showpiece    17 cmMetal Gold,298,nice product,20-08-13,August,2013,5
Chhariya Crafts Metal Krishna with Cow Standing Under Tree Plying Flute Decorative Showpiece    17 cmMetal Gold,298,perfect as shown in the image loved it thank you flipkart,27-11-12,November,2012,5
Chhariya Crafts Metal Krishna with Cow Standing Under Tree Plying Flute Decorative Showpiece    17 cmMetal Gold,298,good productworth of money,19-03-13,March,2013,5
Chhariya Crafts Metal Krishna with Cow Standing Under Tree Plying Flute Decorative Showpiece    17 cmMetal Gold,298,good looking,28-11-13,November,2013,5
Chhariya Crafts Metal Krishna with Cow Standing Under Tree Plying Flute Decorative Showpiece    17 cmMetal Gold,298,good,08-04-13,April,2013,5
Chhariya Crafts Metal Krishna with Cow Standing Under Tree Plying Flute Decorative Showpiece    17 cmMetal Gold,298,good product,10-04-13,April,2013,4
Chhariya Crafts Metal Krishna with Cow Standing Under Tree Plying Flute Decorative Showpiece    17 cmMetal Gold,298,good finishingbut material wise i cant give  star,12-09-13,September,2013,5
Chhariya Crafts Metal Krishna with Cow Standing Under Tree Plying Flute Decorative Showpiece    17 cmMetal Gold,298,nice product,07-04-14,April,2014,4
Chhariya Crafts Metal Krishna with Cow Standing Under Tree Plying Flute Decorative Showpiece    17 cmMetal Gold,298,lovly i loved it,02-04-13,April,2013,5
Chhariya Crafts Metal Krishna with Cow Standing Under Tree Plying Flute Decorative Showpiece    17 cmMetal Gold,298,good product good quality,06-12-13,December,2013,5
Chhariya Crafts Metal Krishna with Cow Standing Under Tree Plying Flute Decorative Showpiece    17 cmMetal Gold,298,very nice,12-10-13,October,2013,5
Chhariya Crafts Metal Krishna with Cow Standing Under Tree Plying Flute Decorative Showpiece    17 cmMetal Gold,298,nice product,14-03-14,March,2014,5
Chhariya Crafts Metal Krishna with Cow Standing Under Tree Plying Flute Decorative Showpiece    17 cmMetal Gold,298,nyc product definitely everyone should go for it,22-01-14,January,2014,4
Dinine Craft Wooden 2 Pocket Key Holder for Wall and Home Decor Decorative Showpiece    6 cmWood Brown,168,good,25-11-13,November,2013,4
Dinine Craft Wooden 2 Pocket Key Holder for Wall and Home Decor Decorative Showpiece    6 cmWood Brown,168,quality is not good,26-11-13,November,2013,1
Dinine Craft Wooden 2 Pocket Key Holder for Wall and Home Decor Decorative Showpiece    6 cmWood Brown,168,its useful for every one thanks to flipkart,03-05-14,May,2014,5
Dinine Craft Wooden 2 Pocket Key Holder for Wall and Home Decor Decorative Showpiece    6 cmWood Brown,168,super,09-01-13,January,2013,5
Dinine Craft Wooden 2 Pocket Key Holder for Wall and Home Decor Decorative Showpiece    6 cmWood Brown,168,love it must buy,09-03-13,March,2013,5
Dinine Craft Wooden 2 Pocket Key Holder for Wall and Home Decor Decorative Showpiece    6 cmWood Brown,168,nice,23-12-12,December,2012,4
Dinine Craft Wooden 2 Pocket Key Holder for Wall and Home Decor Decorative Showpiece    6 cmWood Brown,168,good,01-04-14,April,2014,3
Dinine Craft Wooden 2 Pocket Key Holder for Wall and Home Decor Decorative Showpiece    6 cmWood Brown,168,super products,27-01-14,January,2014,4
Dinine Craft Wooden 2 Pocket Key Holder for Wall and Home Decor Decorative Showpiece    6 cmWood Brown,168,best choice,07-05-13,May,2013,5
Dinine Craft Wooden 2 Pocket Key Holder for Wall and Home Decor Decorative Showpiece    6 cmWood Brown,168,nice productbut build quality not so good,01-08-14,August,2014,4
Dinine Craft Wooden 2 Pocket Key Holder for Wall and Home Decor Decorative Showpiece    6 cmWood Brown,168,awesome,20-02-14,February,2014,5
Dinine Craft Wooden 2 Pocket Key Holder for Wall and Home Decor Decorative Showpiece    6 cmWood Brown,168,very lite material used,27-12-13,December,2013,3
Dinine Craft Wooden 2 Pocket Key Holder for Wall and Home Decor Decorative Showpiece    6 cmWood Brown,168,bad product,03-08-14,August,2014,1
Dinine Craft Wooden 2 Pocket Key Holder for Wall and Home Decor Decorative Showpiece    6 cmWood Brown,168,poor quality,05-11-13,November,2013,3
Dinine Craft Wooden 2 Pocket Key Holder for Wall and Home Decor Decorative Showpiece    6 cmWood Brown,168,good product,12-08-12,August,2012,5
Dinine Craft Wooden 2 Pocket Key Holder for Wall and Home Decor Decorative Showpiece    6 cmWood Brown,168,nice product,05-01-13,January,2013,5
Dinine Craft Wooden 2 Pocket Key Holder for Wall and Home Decor Decorative Showpiece    6 cmWood Brown,168,nice,20-06-14,June,2014,5
Dinine Craft Wooden 2 Pocket Key Holder for Wall and Home Decor Decorative Showpiece    6 cmWood Brown,168,value pcs finished work,01-03-14,March,2014,5
BLACK RAY Unique 3 Lights Hanging Ceiling Lamp Urban Retro Style Antique BlackBulb Not Included Pendants Ceiling LampBlack,631,awesome product go for it without a second thoughtbulbs not included you have to purchase it separately,13-08-13,August,2013,5
BLACK RAY Unique 3 Lights Hanging Ceiling Lamp Urban Retro Style Antique BlackBulb Not Included Pendants Ceiling LampBlack,631,hanging light is also impresive but this product is so antic look thanks to flipkart,19-05-13,May,2013,5
BLACK RAY Unique 3 Lights Hanging Ceiling Lamp Urban Retro Style Antique BlackBulb Not Included Pendants Ceiling LampBlack,631,very beautiful,21-04-14,April,2014,5
BLACK RAY Unique 3 Lights Hanging Ceiling Lamp Urban Retro Style Antique BlackBulb Not Included Pendants Ceiling LampBlack,631,very cheap material usedwithout lamps,07-11-14,November,2014,1
BLACK RAY Unique 3 Lights Hanging Ceiling Lamp Urban Retro Style Antique BlackBulb Not Included Pendants Ceiling LampBlack,631,cheap product and chetter filpkart,09-01-13,January,2013,1
BLACK RAY Unique 3 Lights Hanging Ceiling Lamp Urban Retro Style Antique BlackBulb Not Included Pendants Ceiling LampBlack,631,worst product,06-11-13,November,2013,1
BLACK RAY Unique 3 Lights Hanging Ceiling Lamp Urban Retro Style Antique BlackBulb Not Included Pendants Ceiling LampBlack,631,product is very good i am so happy,03-01-13,January,2013,3
BLACK RAY Unique 3 Lights Hanging Ceiling Lamp Urban Retro Style Antique BlackBulb Not Included Pendants Ceiling LampBlack,631,very low qualityi received defective pieces second time,31-07-13,July,2013,1
BLACK RAY Unique 3 Lights Hanging Ceiling Lamp Urban Retro Style Antique BlackBulb Not Included Pendants Ceiling LampBlack,631,awesome,22-05-14,May,2014,5
BLACK RAY Unique 3 Lights Hanging Ceiling Lamp Urban Retro Style Antique BlackBulb Not Included Pendants Ceiling LampBlack,631,nice product,09-06-13,June,2013,3
BLACK RAY Unique 3 Lights Hanging Ceiling Lamp Urban Retro Style Antique BlackBulb Not Included Pendants Ceiling LampBlack,631,ausum product,23-03-14,March,2014,5
BLACK RAY Unique 3 Lights Hanging Ceiling Lamp Urban Retro Style Antique BlackBulb Not Included Pendants Ceiling LampBlack,631,good decision if you are taking this lovely product,03-10-13,October,2013,5
BLACK RAY Unique 3 Lights Hanging Ceiling Lamp Urban Retro Style Antique BlackBulb Not Included Pendants Ceiling LampBlack,631,nice,31-01-13,January,2013,5
BLACK RAY Unique 3 Lights Hanging Ceiling Lamp Urban Retro Style Antique BlackBulb Not Included Pendants Ceiling LampBlack,631,good product but its quite difficult to add into ceiling,14-10-13,October,2013,4
BLACK RAY Unique 3 Lights Hanging Ceiling Lamp Urban Retro Style Antique BlackBulb Not Included Pendants Ceiling LampBlack,631,good,24-06-13,June,2013,4
BLACK RAY Unique 3 Lights Hanging Ceiling Lamp Urban Retro Style Antique BlackBulb Not Included Pendants Ceiling LampBlack,631,good,25-05-13,May,2013,4
BLACK RAY Unique 3 Lights Hanging Ceiling Lamp Urban Retro Style Antique BlackBulb Not Included Pendants Ceiling LampBlack,631,a good product in a reasonable price price worthy product happy to see this,28-05-13,May,2013,5
BLACK RAY Unique 3 Lights Hanging Ceiling Lamp Urban Retro Style Antique BlackBulb Not Included Pendants Ceiling LampBlack,631,good,17-07-13,July,2013,5
BLACK RAY Unique 3 Lights Hanging Ceiling Lamp Urban Retro Style Antique BlackBulb Not Included Pendants Ceiling LampBlack,631,just a awesome one,19-01-14,January,2014,5
BLACK RAY Unique 3 Lights Hanging Ceiling Lamp Urban Retro Style Antique BlackBulb Not Included Pendants Ceiling LampBlack,631,mind blowing,23-04-14,April,2014,5
BLACK RAY Unique 3 Lights Hanging Ceiling Lamp Urban Retro Style Antique BlackBulb Not Included Pendants Ceiling LampBlack,631,thank,29-06-13,June,2013,5
BLACK RAY Unique 3 Lights Hanging Ceiling Lamp Urban Retro Style Antique BlackBulb Not Included Pendants Ceiling LampBlack,631,nice,04-01-14,January,2014,4
BLACK RAY Unique 3 Lights Hanging Ceiling Lamp Urban Retro Style Antique BlackBulb Not Included Pendants Ceiling LampBlack,631,very nice,23-04-14,April,2014,5
BLACK RAY Unique 3 Lights Hanging Ceiling Lamp Urban Retro Style Antique BlackBulb Not Included Pendants Ceiling LampBlack,631,good item,18-01-14,January,2014,5
LUMINA PLUS LED LIGHTING Metal E26E27 Pendant Ceiling Hanging Lights Lamp Black Size 23  17  17cm Set of 4 Pendants Ceiling LampBlack,797,nice productbut no bulb provided with package so it was tough to find e buld hold kn top is not clean causing issue to tighten wire,25-09-12,September,2012,4
LUMINA PLUS LED LIGHTING Metal E26E27 Pendant Ceiling Hanging Lights Lamp Black Size 23  17  17cm Set of 4 Pendants Ceiling LampBlack,797,awesome product value for money thank u flipkart,12-04-13,April,2013,5
LUMINA PLUS LED LIGHTING Metal E26E27 Pendant Ceiling Hanging Lights Lamp Black Size 23  17  17cm Set of 4 Pendants Ceiling LampBlack,797,average products quality have to replace holder to use the regular led buld can be buy if one want just normal hanging,12-03-13,March,2013,3
LUMINA PLUS LED LIGHTING Metal E26E27 Pendant Ceiling Hanging Lights Lamp Black Size 23  17  17cm Set of 4 Pendants Ceiling LampBlack,797,nice,01-01-13,January,2013,4
LUMINA PLUS LED LIGHTING Metal E26E27 Pendant Ceiling Hanging Lights Lamp Black Size 23  17  17cm Set of 4 Pendants Ceiling LampBlack,797,very nice,05-01-14,January,2014,3
LUMINA PLUS LED LIGHTING Metal E26E27 Pendant Ceiling Hanging Lights Lamp Black Size 23  17  17cm Set of 4 Pendants Ceiling LampBlack,797,damaged,19-04-13,April,2013,1
LUMINA PLUS LED LIGHTING Metal E26E27 Pendant Ceiling Hanging Lights Lamp Black Size 23  17  17cm Set of 4 Pendants Ceiling LampBlack,797,very very poor quality dont buy,20-09-13,September,2013,1
LUMINA PLUS LED LIGHTING Metal E26E27 Pendant Ceiling Hanging Lights Lamp Black Size 23  17  17cm Set of 4 Pendants Ceiling LampBlack,797,attractive looking,04-01-13,January,2013,5
LUMINA PLUS LED LIGHTING Metal E26E27 Pendant Ceiling Hanging Lights Lamp Black Size 23  17  17cm Set of 4 Pendants Ceiling LampBlack,797,good,22-04-14,April,2014,4
LUMINA PLUS LED LIGHTING Metal E26E27 Pendant Ceiling Hanging Lights Lamp Black Size 23  17  17cm Set of 4 Pendants Ceiling LampBlack,797,best in price must buy,22-07-13,July,2013,5
LUMINA PLUS LED LIGHTING Metal E26E27 Pendant Ceiling Hanging Lights Lamp Black Size 23  17  17cm Set of 4 Pendants Ceiling LampBlack,797,good,03-05-14,May,2014,4
LUMINA PLUS LED LIGHTING Metal E26E27 Pendant Ceiling Hanging Lights Lamp Black Size 23  17  17cm Set of 4 Pendants Ceiling LampBlack,797,loved it,07-10-14,October,2014,5
LUMINA PLUS LED LIGHTING Metal E26E27 Pendant Ceiling Hanging Lights Lamp Black Size 23  17  17cm Set of 4 Pendants Ceiling LampBlack,797,we found what we expected on budget product try for your balcony and terrace it looks aussmmm,03-04-14,April,2014,5
LUMINA PLUS LED LIGHTING Metal E26E27 Pendant Ceiling Hanging Lights Lamp Black Size 23  17  17cm Set of 4 Pendants Ceiling LampBlack,797,product is good,18-03-14,March,2014,3
LUMINA PLUS LED LIGHTING Metal E26E27 Pendant Ceiling Hanging Lights Lamp Black Size 23  17  17cm Set of 4 Pendants Ceiling LampBlack,797,looking beautiful,19-01-14,January,2014,3
LUMINA PLUS LED LIGHTING Metal E26E27 Pendant Ceiling Hanging Lights Lamp Black Size 23  17  17cm Set of 4 Pendants Ceiling LampBlack,797,beautiful and very good as per price,15-02-14,February,2014,5
LUMINA PLUS LED LIGHTING Metal E26E27 Pendant Ceiling Hanging Lights Lamp Black Size 23  17  17cm Set of 4 Pendants Ceiling LampBlack,797,very good,13-07-12,July,2012,5
LUMINA PLUS LED LIGHTING Metal E26E27 Pendant Ceiling Hanging Lights Lamp Black Size 23  17  17cm Set of 4 Pendants Ceiling LampBlack,797,good in dis price,11-02-13,February,2013,5
LUMINA PLUS LED LIGHTING Metal E26E27 Pendant Ceiling Hanging Lights Lamp Black Size 23  17  17cm Set of 4 Pendants Ceiling LampBlack,797,not a good product dont but it,01-07-14,July,2014,1
LUMINA PLUS LED LIGHTING Metal E26E27 Pendant Ceiling Hanging Lights Lamp Black Size 23  17  17cm Set of 4 Pendants Ceiling LampBlack,797,nice product with reasonable price,26-03-14,March,2014,5
LUMINA PLUS LED LIGHTING Metal E26E27 Pendant Ceiling Hanging Lights Lamp Black Size 23  17  17cm Set of 4 Pendants Ceiling LampBlack,797,good product in this pricing,17-10-13,October,2013,4
LUMINA PLUS LED LIGHTING Metal E26E27 Pendant Ceiling Hanging Lights Lamp Black Size 23  17  17cm Set of 4 Pendants Ceiling LampBlack,797,looking very nice,27-10-13,October,2013,5
LUMINA PLUS LED LIGHTING Metal E26E27 Pendant Ceiling Hanging Lights Lamp Black Size 23  17  17cm Set of 4 Pendants Ceiling LampBlack,797,awesome,12-12-13,December,2013,5
LUMINA PLUS LED LIGHTING Metal E26E27 Pendant Ceiling Hanging Lights Lamp Black Size 23  17  17cm Set of 4 Pendants Ceiling LampBlack,797,quality is not firm its poor,01-08-14,August,2014,1
LUMINA PLUS LED LIGHTING Metal E26E27 Pendant Ceiling Hanging Lights Lamp Black Size 23  17  17cm Set of 4 Pendants Ceiling LampBlack,797,good product,22-01-13,January,2013,5
LUMINA PLUS LED LIGHTING Metal E26E27 Pendant Ceiling Hanging Lights Lamp Black Size 23  17  17cm Set of 4 Pendants Ceiling LampBlack,797,nice,22-06-14,June,2014,5
LUMINA PLUS LED LIGHTING Metal E26E27 Pendant Ceiling Hanging Lights Lamp Black Size 23  17  17cm Set of 4 Pendants Ceiling LampBlack,797,not good,03-02-13,February,2013,1
Hiru Party Light  50W RGB LED Brick Light Remote IP65 LED Flood Light Flood Light Outdoor LampMulticolor Blue Red Pink Yellow,230,very very good nice perfect product pls buy this product very very good value for money,04-09-14,September,2014,5
Hiru Party Light  50W RGB LED Brick Light Remote IP65 LED Flood Light Flood Light Outdoor LampMulticolor Blue Red Pink Yellow,230,very nice,28-03-13,March,2013,5
Hiru Party Light  50W RGB LED Brick Light Remote IP65 LED Flood Light Flood Light Outdoor LampMulticolor Blue Red Pink Yellow,230,more than half of the leds stopped glowing after  days of buyingonly blues leds are working,26-12-12,December,2012,1
Hiru Party Light  50W RGB LED Brick Light Remote IP65 LED Flood Light Flood Light Outdoor LampMulticolor Blue Red Pink Yellow,230,very good paisa vasool product lovely lighting,13-07-14,July,2014,5
Hiru Party Light  50W RGB LED Brick Light Remote IP65 LED Flood Light Flood Light Outdoor LampMulticolor Blue Red Pink Yellow,230,not good product,04-12-13,December,2013,1
Hiru Party Light  50W RGB LED Brick Light Remote IP65 LED Flood Light Flood Light Outdoor LampMulticolor Blue Red Pink Yellow,230,good prodekat,22-04-14,April,2014,5
Hiru Party Light  50W RGB LED Brick Light Remote IP65 LED Flood Light Flood Light Outdoor LampMulticolor Blue Red Pink Yellow,230,good product,24-07-12,July,2012,5
Hiru Party Light  50W RGB LED Brick Light Remote IP65 LED Flood Light Flood Light Outdoor LampMulticolor Blue Red Pink Yellow,230,working goodbut heating issue a problem for me,01-08-13,August,2013,4
Hiru Party Light  50W RGB LED Brick Light Remote IP65 LED Flood Light Flood Light Outdoor LampMulticolor Blue Red Pink Yellow,230,vary vary vary good productiitpaisa vasul product,24-07-13,July,2013,5
Hiru Party Light  50W RGB LED Brick Light Remote IP65 LED Flood Light Flood Light Outdoor LampMulticolor Blue Red Pink Yellow,230,exclusive,07-11-13,November,2013,5
Hiru Party Light  50W RGB LED Brick Light Remote IP65 LED Flood Light Flood Light Outdoor LampMulticolor Blue Red Pink Yellow,230,very nice product thank you flipkart,25-12-13,December,2013,5
Hiru Party Light  50W RGB LED Brick Light Remote IP65 LED Flood Light Flood Light Outdoor LampMulticolor Blue Red Pink Yellow,230,very bad worst experience it stopped working after a few days the quality were also very poor i suggest you to choose alternative of this i dont recommend to buy this product,09-12-13,December,2013,1
Hiru Party Light  50W RGB LED Brick Light Remote IP65 LED Flood Light Flood Light Outdoor LampMulticolor Blue Red Pink Yellow,230,best quality super,16-08-13,August,2013,5
Hiru Party Light  50W RGB LED Brick Light Remote IP65 LED Flood Light Flood Light Outdoor LampMulticolor Blue Red Pink Yellow,230,good product,19-06-14,June,2014,5
Hiru Party Light  50W RGB LED Brick Light Remote IP65 LED Flood Light Flood Light Outdoor LampMulticolor Blue Red Pink Yellow,230,remote controlling is hard,26-09-13,September,2013,2
Hiru Party Light  50W RGB LED Brick Light Remote IP65 LED Flood Light Flood Light Outdoor LampMulticolor Blue Red Pink Yellow,230,very very bad,15-10-13,October,2013,1
Hiru Party Light  50W RGB LED Brick Light Remote IP65 LED Flood Light Flood Light Outdoor LampMulticolor Blue Red Pink Yellow,230,body is low quality but light ok,18-12-13,December,2013,3
Hiru Party Light  50W RGB LED Brick Light Remote IP65 LED Flood Light Flood Light Outdoor LampMulticolor Blue Red Pink Yellow,230,excellent product,12-09-12,September,2012,4
Hiru Party Light  50W RGB LED Brick Light Remote IP65 LED Flood Light Flood Light Outdoor LampMulticolor Blue Red Pink Yellow,230,nice,21-01-13,January,2013,4
Hiru Party Light  50W RGB LED Brick Light Remote IP65 LED Flood Light Flood Light Outdoor LampMulticolor Blue Red Pink Yellow,230,very good product,18-06-13,June,2013,5
Hiru Party Light  50W RGB LED Brick Light Remote IP65 LED Flood Light Flood Light Outdoor LampMulticolor Blue Red Pink Yellow,230,good nice product,18-12-13,December,2013,5
Hiru Party Light  50W RGB LED Brick Light Remote IP65 LED Flood Light Flood Light Outdoor LampMulticolor Blue Red Pink Yellow,230,khub bhalo product nijer ghorer jonno i am so happy,30-01-13,January,2013,5
Hiru Party Light  50W RGB LED Brick Light Remote IP65 LED Flood Light Flood Light Outdoor LampMulticolor Blue Red Pink Yellow,230,good quality money value,02-10-13,October,2013,5
Hiru Party Light  50W RGB LED Brick Light Remote IP65 LED Flood Light Flood Light Outdoor LampMulticolor Blue Red Pink Yellow,230,very very good products,16-02-13,February,2013,5
Hiru Party Light  50W RGB LED Brick Light Remote IP65 LED Flood Light Flood Light Outdoor LampMulticolor Blue Red Pink Yellow,230,good quality best price,13-11-12,November,2012,5
Copper String LED light 10 MTR 100 LED USB Operated Decorative Lights 100 LEDs 10 m Yellow Rice LightsPack of 1,190,it look very nice,17-12-12,December,2012,5
Copper String LED light 10 MTR 100 LED USB Operated Decorative Lights 100 LEDs 10 m Yellow Rice LightsPack of 1,190,amazing,18-05-14,May,2014,5
Copper String LED light 10 MTR 100 LED USB Operated Decorative Lights 100 LEDs 10 m Yellow Rice LightsPack of 1,190,nice,09-07-13,July,2013,4
Copper String LED light 10 MTR 100 LED USB Operated Decorative Lights 100 LEDs 10 m Yellow Rice LightsPack of 1,190,awesome product,27-02-14,February,2014,5
Copper String LED light 10 MTR 100 LED USB Operated Decorative Lights 100 LEDs 10 m Yellow Rice LightsPack of 1,190,first time when i received the product it was not workingi got a replacement for this product today i got my replaced product and it is working fine i will update the review after using this product,21-05-13,May,2013,3
Copper String LED light 10 MTR 100 LED USB Operated Decorative Lights 100 LEDs 10 m Yellow Rice LightsPack of 1,190,the lights are super pretty i cant control my happiness,20-10-13,October,2013,5
Copper String LED light 10 MTR 100 LED USB Operated Decorative Lights 100 LEDs 10 m Yellow Rice LightsPack of 1,190,awesome product,14-03-13,March,2013,3
Copper String LED light 10 MTR 100 LED USB Operated Decorative Lights 100 LEDs 10 m Yellow Rice LightsPack of 1,190,super led light best in this price range,09-01-13,January,2013,4
Copper String LED light 10 MTR 100 LED USB Operated Decorative Lights 100 LEDs 10 m Yellow Rice LightsPack of 1,190,awesome,01-03-13,March,2013,5
Copper String LED light 10 MTR 100 LED USB Operated Decorative Lights 100 LEDs 10 m Yellow Rice LightsPack of 1,190,amazing,17-04-13,April,2013,5
Copper String LED light 10 MTR 100 LED USB Operated Decorative Lights 100 LEDs 10 m Yellow Rice LightsPack of 1,190,awesome,10-03-13,March,2013,5
Copper String LED light 10 MTR 100 LED USB Operated Decorative Lights 100 LEDs 10 m Yellow Rice LightsPack of 1,190,it is good one worth for cost,04-06-13,June,2013,5
Copper String LED light 10 MTR 100 LED USB Operated Decorative Lights 100 LEDs 10 m Yellow Rice LightsPack of 1,190,flexible almost invisible when off warm feel loved it,20-09-13,September,2013,5
Copper String LED light 10 MTR 100 LED USB Operated Decorative Lights 100 LEDs 10 m Yellow Rice LightsPack of 1,190,nice product,15-05-14,May,2014,4
Copper String LED light 10 MTR 100 LED USB Operated Decorative Lights 100 LEDs 10 m Yellow Rice LightsPack of 1,190,i am very interested,16-07-13,July,2013,5
Copper String LED light 10 MTR 100 LED USB Operated Decorative Lights 100 LEDs 10 m Yellow Rice LightsPack of 1,190,i like it very much thank you flipkart,12-07-12,July,2012,5
Copper String LED light 10 MTR 100 LED USB Operated Decorative Lights 100 LEDs 10 m Yellow Rice LightsPack of 1,190,very good,30-03-13,March,2013,5
Copper String LED light 10 MTR 100 LED USB Operated Decorative Lights 100 LEDs 10 m Yellow Rice LightsPack of 1,190,got defect product,05-10-14,October,2014,1
Copper String LED light 10 MTR 100 LED USB Operated Decorative Lights 100 LEDs 10 m Yellow Rice LightsPack of 1,190,awesomewith just  set you can decorate,15-08-13,August,2013,5
Sument USB Decoration Star Light Projector LightDisco LightCar Night Lamp Decorations With Bedroom Romantic Mood Atmosphere Fit Car Party and More Shower Laser LightBall Diameter 15 cm,155,not good itam,05-10-14,October,2014,1
Sument USB Decoration Star Light Projector LightDisco LightCar Night Lamp Decorations With Bedroom Romantic Mood Atmosphere Fit Car Party and More Shower Laser LightBall Diameter 15 cm,155,best product,31-01-14,January,2014,5
Sument USB Decoration Star Light Projector LightDisco LightCar Night Lamp Decorations With Bedroom Romantic Mood Atmosphere Fit Car Party and More Shower Laser LightBall Diameter 15 cm,155,do not buy,20-07-13,July,2013,1
Sument USB Decoration Star Light Projector LightDisco LightCar Night Lamp Decorations With Bedroom Romantic Mood Atmosphere Fit Car Party and More Shower Laser LightBall Diameter 15 cm,155,its a third class productafter a few minutes of turning it on the light becomes completely dim and an hour later it vanishes,26-11-13,November,2013,1
Sument USB Decoration Star Light Projector LightDisco LightCar Night Lamp Decorations With Bedroom Romantic Mood Atmosphere Fit Car Party and More Shower Laser LightBall Diameter 15 cm,155,looking good,14-01-13,January,2013,5
Sument USB Decoration Star Light Projector LightDisco LightCar Night Lamp Decorations With Bedroom Romantic Mood Atmosphere Fit Car Party and More Shower Laser LightBall Diameter 15 cm,155,dont buy this product only  mint work,29-01-14,January,2014,1
Sument USB Decoration Star Light Projector LightDisco LightCar Night Lamp Decorations With Bedroom Romantic Mood Atmosphere Fit Car Party and More Shower Laser LightBall Diameter 15 cm,155,very bad,12-11-12,November,2012,1
Sument USB Decoration Star Light Projector LightDisco LightCar Night Lamp Decorations With Bedroom Romantic Mood Atmosphere Fit Car Party and More Shower Laser LightBall Diameter 15 cm,155,nice working good,27-02-14,February,2014,4
Sument USB Decoration Star Light Projector LightDisco LightCar Night Lamp Decorations With Bedroom Romantic Mood Atmosphere Fit Car Party and More Shower Laser LightBall Diameter 15 cm,155,worst,14-03-13,March,2013,1
Sument USB Decoration Star Light Projector LightDisco LightCar Night Lamp Decorations With Bedroom Romantic Mood Atmosphere Fit Car Party and More Shower Laser LightBall Diameter 15 cm,155,very bad quality,30-11-13,November,2013,1
Sument USB Decoration Star Light Projector LightDisco LightCar Night Lamp Decorations With Bedroom Romantic Mood Atmosphere Fit Car Party and More Shower Laser LightBall Diameter 15 cm,155,bad product,25-08-13,August,2013,1
Sument USB Decoration Star Light Projector LightDisco LightCar Night Lamp Decorations With Bedroom Romantic Mood Atmosphere Fit Car Party and More Shower Laser LightBall Diameter 15 cm,155,good product recommended,10-08-13,August,2013,5
Sument USB Decoration Star Light Projector LightDisco LightCar Night Lamp Decorations With Bedroom Romantic Mood Atmosphere Fit Car Party and More Shower Laser LightBall Diameter 15 cm,155,dont buy after two days its not brite,02-11-14,November,2014,1
Sument USB Decoration Star Light Projector LightDisco LightCar Night Lamp Decorations With Bedroom Romantic Mood Atmosphere Fit Car Party and More Shower Laser LightBall Diameter 15 cm,155,very nice,10-01-13,January,2013,4
Sument USB Decoration Star Light Projector LightDisco LightCar Night Lamp Decorations With Bedroom Romantic Mood Atmosphere Fit Car Party and More Shower Laser LightBall Diameter 15 cm,155,worst product and it is not working,03-02-14,February,2014,1
Sument USB Decoration Star Light Projector LightDisco LightCar Night Lamp Decorations With Bedroom Romantic Mood Atmosphere Fit Car Party and More Shower Laser LightBall Diameter 15 cm,155,on st use it was good but after a while the light got dimmed so what i understand is it cant operate for long time also the light is not wide spread,30-07-13,July,2013,1
Sument USB Decoration Star Light Projector LightDisco LightCar Night Lamp Decorations With Bedroom Romantic Mood Atmosphere Fit Car Party and More Shower Laser LightBall Diameter 15 cm,155,low cost but first class children sleeping few minutes thankyou flipcart,06-06-13,June,2013,5
DOJI 6 watt colorWarmWhitespot lightfocus lightwall light Track Lights Ceiling LampMulticolor,599,i liked it very much the light of its light is different and its light is also very good and good and it looks great too,30-01-14,January,2014,5
DOJI 6 watt colorWarmWhitespot lightfocus lightwall light Track Lights Ceiling LampMulticolor,599,great quality product very nice build quality and a bright warm light this product fulfills all the expectations from it you can go fo it without any doubt,11-10-13,October,2013,5
DOJI 6 watt colorWarmWhitespot lightfocus lightwall light Track Lights Ceiling LampMulticolor,599,realy good product value for money although it is w but its bright enough it improve my drawing rooms beauty,03-11-13,November,2013,5
DOJI 6 watt colorWarmWhitespot lightfocus lightwall light Track Lights Ceiling LampMulticolor,599,this decorative spot light is of good quality its  rorating hence it solves my another purpose of highlighing any object while shooting satisfied with the product,20-01-13,January,2013,5
DOJI 6 watt colorWarmWhitespot lightfocus lightwall light Track Lights Ceiling LampMulticolor,599,high quality product and the beam is very bright the size is also compact so it really complements the wall it comes with mount so could be easily hanged on the wall,03-07-13,July,2013,5
DOJI 6 watt colorWarmWhitespot lightfocus lightwall light Track Lights Ceiling LampMulticolor,599,comes with attractive design and shapelight quality is also fineone can easily adjust focus according to need,30-12-12,December,2012,5
DOJI 6 watt colorWarmWhitespot lightfocus lightwall light Track Lights Ceiling LampMulticolor,599,very good product,12-05-12,May,2012,4
VEDRID 10Watt LED Ceiling Down Light White Round Pack of 12 Recessed Ceiling LampWhite,899,good,07-09-13,September,2013,5
VEDRID 10Watt LED Ceiling Down Light White Round Pack of 12 Recessed Ceiling LampWhite,899,totally waste,31-01-14,January,2014,1
VEDRID 10Watt LED Ceiling Down Light White Round Pack of 12 Recessed Ceiling LampWhite,899,products are very gud thank u vedrid and thank u flipkart,01-02-14,February,2014,5
